States/UTs,Year,CrimeHead,Offenders (Driver/Pedestrian) Died_Male,Offenders (Driver/Pedestrian) Died_Female,Offenders (Driver/Pedestrian) Died_Transgender,Offenders (Driver/Pedestrian) Died_Total,Victims Died_Male,Victims Died_Female,Victims Died_Transgender,Victims Died_Total
Andhra Pradesh,2014,Truck/Lorry (Total),445,30,0,475,871,135,0,1006
Andhra Pradesh,2014,Truck/Lorry - Normal Goods Carriers,357,25,0,382,577,101,0,678
Andhra Pradesh,2014,Truck/Lorry - Trailer/Container Carriers,12,0,0,12,25,0,0,25
Andhra Pradesh,2014,Truck/Lorry - Tankers,10,0,0,10,102,15,0,117
Andhra Pradesh,2014,Truck/Lorry - Others,66,5,0,71,167,19,0,186
Andhra Pradesh,2014,Bus (Total),78,14,0,92,340,87,0,427
Andhra Pradesh,2014,Bus - Government,25,3,0,28,233,64,0,297
Andhra Pradesh,2014,Bus - Private,50,9,0,59,84,20,0,104
Andhra Pradesh,2014,Bus - School Bus,3,2,0,5,23,3,0,26
Andhra Pradesh,2014,SUV (7 & 8 Seater)/Station Wagon/etc. (Total),45,2,0,47,128,41,0,169
Andhra Pradesh,2014,SUV (7 & 8 Seater)/Station Wagon/etc. - Government,0,0,0,0,0,0,0,0
Andhra Pradesh,2014,SUV (7 & 8 Seater)/Station Wagon/etc. - Private,35,0,0,35,89,34,0,123
Andhra Pradesh,2014,SUV (7 & 8 Seater)/Station Wagon/etc. - Taxi,10,2,0,12,39,7,0,46
Andhra Pradesh,2014,Car (4 & 5 Seater) (Total),202,15,0,217,472,104,0,576
Andhra Pradesh,2014,Car (4 & 5 Seater) - Government,6,0,0,6,3,0,0,3
Andhra Pradesh,2014,Car (4 & 5 Seater) - Private,156,15,0,171,375,93,0,468
Andhra Pradesh,2014,Car (4 & 5 Seater) - Taxi,40,0,0,40,94,11,0,105
Andhra Pradesh,2014,Jeep (Total),53,1,0,54,84,20,0,104
Andhra Pradesh,2014,Jeep - Government,0,0,0,0,0,9,0,9
Andhra Pradesh,2014,Jeep - Private,53,1,0,54,84,11,0,95
Andhra Pradesh,2014,Tractor (Total),97,11,0,108,261,53,0,314
Andhra Pradesh,2014,Three Wheeler/Auto rickshaw (Total),206,11,0,217,630,216,0,846
Andhra Pradesh,2014,Three Wheeler/Auto rickshaw - Passenger Carriers,198,11,0,209,566,181,0,747
Andhra Pradesh,2014,Three Wheeler/Auto rickshaw - Goods Carriers,8,0,0,8,64,35,0,99
Andhra Pradesh,2014,Two Wheeler (Total),755,27,0,782,904,233,0,1137
Andhra Pradesh,2014,Two Wheeler - Motor Cycle,713,24,0,737,835,208,0,1043
Andhra Pradesh,2014,Two Wheeler - Scooter,24,3,0,27,44,22,0,66
Andhra Pradesh,2014,Two Wheeler - Others,18,0,0,18,25,3,0,28
Andhra Pradesh,2014,Other Motor Vehicles,102,11,0,113,379,50,0,429
Andhra Pradesh,2014,Sub Total (Motor Vehicles),1983,122,0,2105,4069,939,0,5008
Andhra Pradesh,2014,Bicycle,21,2,0,23,13,11,0,24
Andhra Pradesh,2014,Hand Drawn Vehicle/Cycle rickshaw (Passenger),1,0,0,1,1,0,0,1
Andhra Pradesh,2014,Animal Drawn Vehicle,1,1,0,2,2,0,0,2
Andhra Pradesh,2014,Pedestrian,16,3,0,19,222,94,0,316
Andhra Pradesh,2014,Others,27,4,0,31,289,87,0,376
Andhra Pradesh,2014,Sub Total - (Bicycle + Hand Drawn Vehicle/Cycle rickshaw (Passenger) + Animal Drawn Vehicle + Pedestrian + Others,66,10,0,76,527,192,0,719
Andhra Pradesh,2014,Total,2049,132,0,2181,4596,1131,0,5727
Arunachal Pradesh,2014,Truck/Lorry (Total),13,0,0,13,15,4,0,19
Arunachal Pradesh,2014,Truck/Lorry - Normal Goods Carriers,5,0,0,5,14,4,0,18
Arunachal Pradesh,2014,Truck/Lorry - Trailer/Container Carriers,0,0,0,0,1,0,0,1
Arunachal Pradesh,2014,Truck/Lorry - Tankers,1,0,0,1,0,0,0,0
Arunachal Pradesh,2014,Truck/Lorry - Others,7,0,0,7,0,0,0,0
Arunachal Pradesh,2014,Bus (Total),0,0,0,0,3,0,0,3
Arunachal Pradesh,2014,Bus - Government,0,0,0,0,0,0,0,0
Arunachal Pradesh,2014,Bus - Private,0,0,0,0,3,0,0,3
Arunachal Pradesh,2014,Bus - School Bus,0,0,0,0,0,0,0,0
Arunachal Pradesh,2014,SUV (7 & 8 Seater)/Station Wagon/etc. (Total),6,2,0,8,2,2,0,4
Arunachal Pradesh,2014,SUV (7 & 8 Seater)/Station Wagon/etc. - Government,0,0,0,0,1,0,0,1
Arunachal Pradesh,2014,SUV (7 & 8 Seater)/Station Wagon/etc. - Private,6,1,0,7,1,0,0,1
Arunachal Pradesh,2014,SUV (7 & 8 Seater)/Station Wagon/etc. - Taxi,0,1,0,1,0,2,0,2
Arunachal Pradesh,2014,Car (4 & 5 Seater) (Total),10,1,0,11,2,1,0,3
Arunachal Pradesh,2014,Car (4 & 5 Seater) - Government,0,0,0,0,1,0,0,1
Arunachal Pradesh,2014,Car (4 & 5 Seater) - Private,10,1,0,11,1,1,0,2
Arunachal Pradesh,2014,Car (4 & 5 Seater) - Taxi,0,0,0,0,0,0,0,0
Arunachal Pradesh,2014,Jeep (Total),0,0,0,0,0,0,0,0
Arunachal Pradesh,2014,Jeep - Government,0,0,0,0,0,0,0,0
Arunachal Pradesh,2014,Jeep - Private,0,0,0,0,0,0,0,0
Arunachal Pradesh,2014,Tractor (Total),1,0,0,1,0,0,0,0
Arunachal Pradesh,2014,Three Wheeler/Auto rickshaw (Total),0,0,0,0,3,0,0,3
Arunachal Pradesh,2014,Three Wheeler/Auto rickshaw - Passenger Carriers,0,0,0,0,3,0,0,3
Arunachal Pradesh,2014,Three Wheeler/Auto rickshaw - Goods Carriers,0,0,0,0,0,0,0,0
Arunachal Pradesh,2014,Two Wheeler (Total),15,1,0,16,7,4,0,11
Arunachal Pradesh,2014,Two Wheeler - Motor Cycle,15,1,0,16,6,4,0,10
Arunachal Pradesh,2014,Two Wheeler - Scooter,0,0,0,0,1,0,0,1
Arunachal Pradesh,2014,Two Wheeler - Others,0,0,0,0,0,0,0,0
Arunachal Pradesh,2014,Other Motor Vehicles,7,0,0,7,5,1,0,6
Arunachal Pradesh,2014,Sub Total (Motor Vehicles),52,4,0,56,37,12,0,49
Arunachal Pradesh,2014,Bicycle,3,0,0,3,0,0,0,0
Arunachal Pradesh,2014,Hand Drawn Vehicle/Cycle rickshaw (Passenger),0,0,0,0,0,0,0,0
Arunachal Pradesh,2014,Animal Drawn Vehicle,0,0,0,0,0,0,0,0
Arunachal Pradesh,2014,Pedestrian,2,0,0,2,0,0,0,0
Arunachal Pradesh,2014,Others,1,0,0,1,1,0,0,1
Arunachal Pradesh,2014,Sub Total - (Bicycle + Hand Drawn Vehicle/Cycle rickshaw (Passenger) + Animal Drawn Vehicle + Pedestrian + Others,6,0,0,6,1,0,0,1
Arunachal Pradesh,2014,Total,58,4,0,62,38,12,0,50
Assam,2014,Truck/Lorry (Total),44,0,0,44,327,10,0,337
Assam,2014,Truck/Lorry - Normal Goods Carriers,44,0,0,44,327,10,0,337
Assam,2014,Truck/Lorry - Trailer/Container Carriers,0,0,0,0,0,0,0,0
Assam,2014,Truck/Lorry - Tankers,0,0,0,0,0,0,0,0
Assam,2014,Truck/Lorry - Others,0,0,0,0,0,0,0,0
Assam,2014,Bus (Total),17,0,0,17,156,73,0,229
Assam,2014,Bus - Government,0,0,0,0,1,0,0,1
Assam,2014,Bus - Private,17,0,0,17,155,73,0,228
Assam,2014,Bus - School Bus,0,0,0,0,0,0,0,0
Assam,2014,SUV (7 & 8 Seater)/Station Wagon/etc. (Total),0,0,0,0,17,2,0,19
Assam,2014,SUV (7 & 8 Seater)/Station Wagon/etc. - Government,0,0,0,0,0,0,0,0
Assam,2014,SUV (7 & 8 Seater)/Station Wagon/etc. - Private,0,0,0,0,13,2,0,15
Assam,2014,SUV (7 & 8 Seater)/Station Wagon/etc. - Taxi,0,0,0,0,4,0,0,4
Assam,2014,Car (4 & 5 Seater) (Total),26,0,0,26,274,109,0,383
Assam,2014,Car (4 & 5 Seater) - Government,0,0,0,0,0,0,0,0
Assam,2014,Car (4 & 5 Seater) - Private,26,0,0,26,205,76,0,281
Assam,2014,Car (4 & 5 Seater) - Taxi,0,0,0,0,69,33,0,102
Assam,2014,Jeep (Total),76,0,0,76,49,3,0,52
Assam,2014,Jeep - Government,4,0,0,4,0,0,0,0
Assam,2014,Jeep - Private,72,0,0,72,49,3,0,52
Assam,2014,Tractor (Total),0,0,0,0,36,0,0,36
Assam,2014,Three Wheeler/Auto rickshaw (Total),15,0,0,15,145,22,0,167
Assam,2014,Three Wheeler/Auto rickshaw - Passenger Carriers,7,0,0,7,144,22,0,166
Assam,2014,Three Wheeler/Auto rickshaw - Goods Carriers,8,0,0,8,1,0,0,1
Assam,2014,Two Wheeler (Total),229,1,0,230,264,38,0,302
Assam,2014,Two Wheeler - Motor Cycle,212,0,0,212,237,33,0,270
Assam,2014,Two Wheeler - Scooter,17,1,0,18,18,5,0,23
Assam,2014,Two Wheeler - Others,0,0,0,0,9,0,0,9
Assam,2014,Other Motor Vehicles,58,0,0,58,385,77,0,462
Assam,2014,Sub Total (Motor Vehicles),465,1,0,466,1653,334,0,1987
Assam,2014,Bicycle,18,0,0,18,17,1,0,18
Assam,2014,Hand Drawn Vehicle/Cycle rickshaw (Passenger),1,0,0,1,1,0,0,1
Assam,2014,Animal Drawn Vehicle,0,0,0,0,0,0,0,0
Assam,2014,Pedestrian,0,0,0,0,28,3,0,31
Assam,2014,Others,0,0,0,0,0,0,0,0
Assam,2014,Sub Total - (Bicycle + Hand Drawn Vehicle/Cycle rickshaw (Passenger) + Animal Drawn Vehicle + Pedestrian + Others,19,0,0,19,46,4,0,50
Assam,2014,Total,484,1,0,485,1699,338,0,2037
Bihar,2014,Truck/Lorry (Total),88,2,0,90,659,133,0,792
Bihar,2014,Truck/Lorry - Normal Goods Carriers,80,2,0,82,437,59,0,496
Bihar,2014,Truck/Lorry - Trailer/Container Carriers,1,0,0,1,27,9,0,36
Bihar,2014,Truck/Lorry - Tankers,1,0,0,1,56,13,0,69
Bihar,2014,Truck/Lorry - Others,6,0,0,6,139,52,0,191
Bihar,2014,Bus (Total),36,4,0,40,439,104,0,543
Bihar,2014,Bus - Government,0,0,0,0,6,4,0,10
Bihar,2014,Bus - Private,36,4,0,40,417,93,0,510
Bihar,2014,Bus - School Bus,0,0,0,0,16,7,0,23
Bihar,2014,SUV (7 & 8 Seater)/Station Wagon/etc. (Total),26,1,0,27,128,31,0,159
Bihar,2014,SUV (7 & 8 Seater)/Station Wagon/etc. - Government,0,0,0,0,2,3,0,5
Bihar,2014,SUV (7 & 8 Seater)/Station Wagon/etc. - Private,25,1,0,26,103,21,0,124
Bihar,2014,SUV (7 & 8 Seater)/Station Wagon/etc. - Taxi,1,0,0,1,23,7,0,30
Bihar,2014,Car (4 & 5 Seater) (Total),75,3,0,78,237,66,0,303
Bihar,2014,Car (4 & 5 Seater) - Government,0,0,0,0,1,2,0,3
Bihar,2014,Car (4 & 5 Seater) - Private,51,3,0,54,157,38,0,195
Bihar,2014,Car (4 & 5 Seater) - Taxi,24,0,0,24,79,26,0,105
Bihar,2014,Jeep (Total),30,8,0,38,275,73,0,348
Bihar,2014,Jeep - Government,0,0,0,0,2,4,0,6
Bihar,2014,Jeep - Private,30,8,0,38,273,69,0,342
Bihar,2014,Tractor (Total),32,2,0,34,204,37,0,241
Bihar,2014,Three Wheeler/Auto rickshaw (Total),76,7,0,83,255,67,0,322
Bihar,2014,Three Wheeler/Auto rickshaw - Passenger Carriers,76,7,0,83,226,64,0,290
Bihar,2014,Three Wheeler/Auto rickshaw - Goods Carriers,0,0,0,0,29,3,0,32
Bihar,2014,Two Wheeler (Total),276,16,0,292,405,94,0,499
Bihar,2014,Two Wheeler - Motor Cycle,266,15,0,281,376,85,0,461
Bihar,2014,Two Wheeler - Scooter,6,0,0,6,16,4,0,20
Bihar,2014,Two Wheeler - Others,4,1,0,5,13,5,0,18
Bihar,2014,Other Motor Vehicles,32,0,0,32,262,48,0,310
Bihar,2014,Sub Total (Motor Vehicles),671,43,0,714,2864,653,0,3517
Bihar,2014,Bicycle,27,8,0,35,26,0,0,26
Bihar,2014,Hand Drawn Vehicle/Cycle rickshaw (Passenger),2,1,0,3,12,2,0,14
Bihar,2014,Animal Drawn Vehicle,0,0,0,0,2,1,0,3
Bihar,2014,Pedestrian,6,0,0,6,49,30,0,79
Bihar,2014,Others,33,1,0,34,328,63,0,391
Bihar,2014,Sub Total - (Bicycle + Hand Drawn Vehicle/Cycle rickshaw (Passenger) + Animal Drawn Vehicle + Pedestrian + Others,68,10,0,78,417,96,0,513
Bihar,2014,Total,739,53,0,792,3281,749,0,4030
Chhattisgarh,2014,Truck/Lorry (Total),268,18,0,286,507,101,0,608
Chhattisgarh,2014,Truck/Lorry - Normal Goods Carriers,152,4,0,156,279,67,0,346
Chhattisgarh,2014,Truck/Lorry - Trailer/Container Carriers,14,2,0,16,46,4,0,50
Chhattisgarh,2014,Truck/Lorry - Tankers,11,0,0,11,40,3,0,43
Chhattisgarh,2014,Truck/Lorry - Others,91,12,0,103,142,27,0,169
Chhattisgarh,2014,Bus (Total),32,2,0,34,128,35,0,163
Chhattisgarh,2014,Bus - Government,0,0,0,0,0,0,0,0
Chhattisgarh,2014,Bus - Private,30,2,0,32,122,32,0,154
Chhattisgarh,2014,Bus - School Bus,2,0,0,2,6,3,0,9
Chhattisgarh,2014,SUV (7 & 8 Seater)/Station Wagon/etc. (Total),34,4,0,38,44,20,0,64
Chhattisgarh,2014,SUV (7 & 8 Seater)/Station Wagon/etc. - Government,2,0,0,2,0,1,0,1
Chhattisgarh,2014,SUV (7 & 8 Seater)/Station Wagon/etc. - Private,32,4,0,36,22,11,0,33
Chhattisgarh,2014,SUV (7 & 8 Seater)/Station Wagon/etc. - Taxi,0,0,0,0,22,8,0,30
Chhattisgarh,2014,Car (4 & 5 Seater) (Total),136,9,0,145,170,46,0,216
Chhattisgarh,2014,Car (4 & 5 Seater) - Government,0,0,0,0,0,0,0,0
Chhattisgarh,2014,Car (4 & 5 Seater) - Private,132,9,0,141,154,43,0,197
Chhattisgarh,2014,Car (4 & 5 Seater) - Taxi,4,0,0,4,16,3,0,19
Chhattisgarh,2014,Jeep (Total),36,1,0,37,103,9,0,112
Chhattisgarh,2014,Jeep - Government,0,0,0,0,0,0,0,0
Chhattisgarh,2014,Jeep - Private,36,1,0,37,103,9,0,112
Chhattisgarh,2014,Tractor (Total),90,5,0,95,150,28,0,178
Chhattisgarh,2014,Three Wheeler/Auto rickshaw (Total),3,0,0,3,24,9,0,33
Chhattisgarh,2014,Three Wheeler/Auto rickshaw - Passenger Carriers,3,0,0,3,22,9,0,31
Chhattisgarh,2014,Three Wheeler/Auto rickshaw - Goods Carriers,0,0,0,0,2,0,0,2
Chhattisgarh,2014,Two Wheeler (Total),505,37,0,542,472,104,0,576
Chhattisgarh,2014,Two Wheeler - Motor Cycle,423,25,0,448,406,81,0,487
Chhattisgarh,2014,Two Wheeler - Scooter,14,8,0,22,36,11,0,47
Chhattisgarh,2014,Two Wheeler - Others,68,4,0,72,30,12,0,42
Chhattisgarh,2014,Other Motor Vehicles,202,15,0,217,457,74,0,531
Chhattisgarh,2014,Sub Total (Motor Vehicles),1306,91,0,1397,2055,426,0,2481
Chhattisgarh,2014,Bicycle,5,0,0,5,5,2,0,7
Chhattisgarh,2014,Hand Drawn Vehicle/Cycle rickshaw (Passenger),0,0,0,0,0,0,0,0
Chhattisgarh,2014,Animal Drawn Vehicle,0,0,0,0,0,0,0,0
Chhattisgarh,2014,Pedestrian,3,0,0,3,45,15,0,60
Chhattisgarh,2014,Others,1,0,0,1,24,7,0,31
Chhattisgarh,2014,Sub Total - (Bicycle + Hand Drawn Vehicle/Cycle rickshaw (Passenger) + Animal Drawn Vehicle + Pedestrian + Others,9,0,0,9,74,24,0,98
Chhattisgarh,2014,Total,1315,91,0,1406,2129,450,0,2579
Goa,2014,Truck/Lorry (Total),1,0,0,1,21,7,0,28
Goa,2014,Truck/Lorry - Normal Goods Carriers,1,0,0,1,14,3,0,17
Goa,2014,Truck/Lorry - Trailer/Container Carriers,0,0,0,0,1,2,0,3
Goa,2014,Truck/Lorry - Tankers,0,0,0,0,5,1,0,6
Goa,2014,Truck/Lorry - Others,0,0,0,0,1,1,0,2
Goa,2014,Bus (Total),0,1,0,1,10,2,0,12
Goa,2014,Bus - Government,0,1,0,1,3,0,0,3
Goa,2014,Bus - Private,0,0,0,0,7,2,0,9
Goa,2014,Bus - School Bus,0,0,0,0,0,0,0,0
Goa,2014,SUV (7 & 8 Seater)/Station Wagon/etc. (Total),1,0,0,1,9,2,0,11
Goa,2014,SUV (7 & 8 Seater)/Station Wagon/etc. - Government,0,0,0,0,0,0,0,0
Goa,2014,SUV (7 & 8 Seater)/Station Wagon/etc. - Private,1,0,0,1,7,2,0,9
Goa,2014,SUV (7 & 8 Seater)/Station Wagon/etc. - Taxi,0,0,0,0,2,0,0,2
Goa,2014,Car (4 & 5 Seater) (Total),7,1,0,8,20,8,0,28
Goa,2014,Car (4 & 5 Seater) - Government,0,0,0,0,0,0,0,0
Goa,2014,Car (4 & 5 Seater) - Private,7,1,0,8,19,8,0,27
Goa,2014,Car (4 & 5 Seater) - Taxi,0,0,0,0,1,0,0,1
Goa,2014,Jeep (Total),0,0,0,0,1,0,0,1
Goa,2014,Jeep - Government,0,0,0,0,0,0,0,0
Goa,2014,Jeep - Private,0,0,0,0,1,0,0,1
Goa,2014,Tractor (Total),0,0,0,0,0,0,0,0
Goa,2014,Three Wheeler/Auto rickshaw (Total),0,0,0,0,2,0,0,2
Goa,2014,Three Wheeler/Auto rickshaw - Passenger Carriers,0,0,0,0,0,0,0,0
Goa,2014,Three Wheeler/Auto rickshaw - Goods Carriers,0,0,0,0,2,0,0,2
Goa,2014,Two Wheeler (Total),62,4,0,66,91,10,0,101
Goa,2014,Two Wheeler - Motor Cycle,54,2,0,56,67,7,0,74
Goa,2014,Two Wheeler - Scooter,8,2,0,10,23,3,0,26
Goa,2014,Two Wheeler - Others,0,0,0,0,1,0,0,1
Goa,2014,Other Motor Vehicles,3,0,0,3,6,1,0,7
Goa,2014,Sub Total (Motor Vehicles),74,6,0,80,160,30,0,190
Goa,2014,Bicycle,0,0,0,0,4,0,0,4
Goa,2014,Hand Drawn Vehicle/Cycle rickshaw (Passenger),0,0,0,0,0,0,0,0
Goa,2014,Animal Drawn Vehicle,0,0,0,0,0,0,0,0
Goa,2014,Pedestrian,1,0,0,1,14,6,0,20
Goa,2014,Others,0,0,0,0,3,0,0,3
Goa,2014,Sub Total - (Bicycle + Hand Drawn Vehicle/Cycle rickshaw (Passenger) + Animal Drawn Vehicle + Pedestrian + Others,1,0,0,1,21,6,0,27
Goa,2014,Total,75,6,0,81,181,36,0,217
Gujarat,2014,Truck/Lorry (Total),293,14,0,307,1208,210,0,1418
Gujarat,2014,Truck/Lorry - Normal Goods Carriers,140,5,0,145,639,104,0,743
Gujarat,2014,Truck/Lorry - Trailer/Container Carriers,51,2,0,53,277,41,0,318
Gujarat,2014,Truck/Lorry - Tankers,25,0,0,25,106,22,0,128
Gujarat,2014,Truck/Lorry - Others,77,7,0,84,186,43,0,229
Gujarat,2014,Bus (Total),63,6,0,69,295,76,0,371
Gujarat,2014,Bus - Government,21,1,0,22,110,22,0,132
Gujarat,2014,Bus - Private,41,5,0,46,179,52,0,231
Gujarat,2014,Bus - School Bus,1,0,0,1,6,2,0,8
Gujarat,2014,SUV (7 & 8 Seater)/Station Wagon/etc. (Total),47,3,0,50,177,28,0,205
Gujarat,2014,SUV (7 & 8 Seater)/Station Wagon/etc. - Government,3,0,0,3,3,2,0,5
Gujarat,2014,SUV (7 & 8 Seater)/Station Wagon/etc. - Private,27,1,0,28,123,17,0,140
Gujarat,2014,SUV (7 & 8 Seater)/Station Wagon/etc. - Taxi,17,2,0,19,51,9,0,60
Gujarat,2014,Car (4 & 5 Seater) (Total),228,6,0,234,747,154,0,901
Gujarat,2014,Car (4 & 5 Seater) - Government,9,0,0,9,8,2,0,10
Gujarat,2014,Car (4 & 5 Seater) - Private,203,6,0,209,703,138,0,841
Gujarat,2014,Car (4 & 5 Seater) - Taxi,16,0,0,16,36,14,0,50
Gujarat,2014,Jeep (Total),81,2,0,83,352,70,0,422
Gujarat,2014,Jeep - Government,2,0,0,2,18,7,0,25
Gujarat,2014,Jeep - Private,79,2,0,81,334,63,0,397
Gujarat,2014,Tractor (Total),31,1,0,32,152,18,0,170
Gujarat,2014,Three Wheeler/Auto rickshaw (Total),120,5,0,125,363,111,0,474
Gujarat,2014,Three Wheeler/Auto rickshaw - Passenger Carriers,95,4,0,99,304,95,0,399
Gujarat,2014,Three Wheeler/Auto rickshaw - Goods Carriers,25,1,0,26,59,16,0,75
Gujarat,2014,Two Wheeler (Total),648,30,0,678,946,188,0,1134
Gujarat,2014,Two Wheeler - Motor Cycle,595,17,0,612,832,156,0,988
Gujarat,2014,Two Wheeler - Scooter,37,2,0,39,62,20,0,82
Gujarat,2014,Two Wheeler - Others,16,11,0,27,52,12,0,64
Gujarat,2014,Other Motor Vehicles,85,7,0,92,468,70,0,538
Gujarat,2014,Sub Total (Motor Vehicles),1596,74,0,1670,4708,925,0,5633
Gujarat,2014,Bicycle,10,0,0,10,54,0,0,54
Gujarat,2014,Hand Drawn Vehicle/Cycle rickshaw (Passenger),1,0,0,1,0,0,0,0
Gujarat,2014,Animal Drawn Vehicle,1,0,0,1,1,0,0,1
Gujarat,2014,Pedestrian,55,19,0,74,260,49,0,309
Gujarat,2014,Others,17,4,0,21,60,23,0,83
Gujarat,2014,Sub Total - (Bicycle + Hand Drawn Vehicle/Cycle rickshaw (Passenger) + Animal Drawn Vehicle + Pedestrian + Others,84,23,0,107,375,72,0,447
Gujarat,2014,Total,1680,97,0,1777,5083,997,0,6080
Haryana,2014,Truck/Lorry (Total),27,0,0,27,967,85,0,1052
Haryana,2014,Truck/Lorry - Normal Goods Carriers,12,0,0,12,464,49,0,513
Haryana,2014,Truck/Lorry - Trailer/Container Carriers,4,0,0,4,177,12,0,189
Haryana,2014,Truck/Lorry - Tankers,5,0,0,5,88,5,0,93
Haryana,2014,Truck/Lorry - Others,6,0,0,6,238,19,0,257
Haryana,2014,Bus (Total),2,0,0,2,210,38,0,248
Haryana,2014,Bus - Government,0,0,0,0,92,22,0,114
Haryana,2014,Bus - Private,2,0,0,2,95,15,0,110
Haryana,2014,Bus - School Bus,0,0,0,0,23,1,0,24
Haryana,2014,SUV (7 & 8 Seater)/Station Wagon/etc. (Total),15,1,0,16,135,26,0,161
Haryana,2014,SUV (7 & 8 Seater)/Station Wagon/etc. - Government,0,0,0,0,4,5,0,9
Haryana,2014,SUV (7 & 8 Seater)/Station Wagon/etc. - Private,10,1,0,11,98,11,0,109
Haryana,2014,SUV (7 & 8 Seater)/Station Wagon/etc. - Taxi,5,0,0,5,33,10,0,43
Haryana,2014,Car (4 & 5 Seater) (Total),61,8,0,69,520,89,0,609
Haryana,2014,Car (4 & 5 Seater) - Government,0,0,0,0,8,4,0,12
Haryana,2014,Car (4 & 5 Seater) - Private,55,8,0,63,436,70,0,506
Haryana,2014,Car (4 & 5 Seater) - Taxi,6,0,0,6,76,15,0,91
Haryana,2014,Jeep (Total),12,0,0,12,208,27,0,235
Haryana,2014,Jeep - Government,0,0,0,0,2,0,0,2
Haryana,2014,Jeep - Private,12,0,0,12,206,27,0,233
Haryana,2014,Tractor (Total),2,0,0,2,223,26,0,249
Haryana,2014,Three Wheeler/Auto rickshaw (Total),7,0,0,7,236,23,0,259
Haryana,2014,Three Wheeler/Auto rickshaw - Passenger Carriers,7,0,0,7,209,22,0,231
Haryana,2014,Three Wheeler/Auto rickshaw - Goods Carriers,0,0,0,0,27,1,0,28
Haryana,2014,Two Wheeler (Total),80,1,0,81,626,78,0,704
Haryana,2014,Two Wheeler - Motor Cycle,74,1,0,75,541,70,0,611
Haryana,2014,Two Wheeler - Scooter,2,0,0,2,38,4,0,42
Haryana,2014,Two Wheeler - Others,4,0,0,4,47,4,0,51
Haryana,2014,Other Motor Vehicles,2,0,0,2,293,40,0,333
Haryana,2014,Sub Total (Motor Vehicles),208,10,0,218,3418,432,0,3850
Haryana,2014,Bicycle,3,0,0,3,97,3,0,100
Haryana,2014,Hand Drawn Vehicle/Cycle rickshaw (Passenger),0,0,0,0,5,2,0,7
Haryana,2014,Animal Drawn Vehicle,1,1,0,2,1,0,0,1
Haryana,2014,Pedestrian,0,0,0,0,463,43,0,506
Haryana,2014,Others,2,0,0,2,156,30,0,186
Haryana,2014,Sub Total - (Bicycle + Hand Drawn Vehicle/Cycle rickshaw (Passenger) + Animal Drawn Vehicle + Pedestrian + Others,6,1,0,7,722,78,0,800
Haryana,2014,Total,214,11,0,225,4140,510,0,4650
Himachal Pradesh,2014,Truck/Lorry (Total),59,2,0,61,115,9,0,124
Himachal Pradesh,2014,Truck/Lorry - Normal Goods Carriers,38,1,0,39,67,8,0,75
Himachal Pradesh,2014,Truck/Lorry - Trailer/Container Carriers,1,0,0,1,11,0,0,11
Himachal Pradesh,2014,Truck/Lorry - Tankers,6,0,0,6,9,1,0,10
Himachal Pradesh,2014,Truck/Lorry - Others,14,1,0,15,28,0,0,28
Himachal Pradesh,2014,Bus (Total),43,7,0,50,192,66,0,258
Himachal Pradesh,2014,Bus - Government,11,2,0,13,69,24,0,93
Himachal Pradesh,2014,Bus - Private,31,5,0,36,121,42,0,163
Himachal Pradesh,2014,Bus - School Bus,1,0,0,1,2,0,0,2
Himachal Pradesh,2014,SUV (7 & 8 Seater)/Station Wagon/etc. (Total),19,0,0,19,37,2,0,39
Himachal Pradesh,2014,SUV (7 & 8 Seater)/Station Wagon/etc. - Government,0,0,0,0,0,0,0,0
Himachal Pradesh,2014,SUV (7 & 8 Seater)/Station Wagon/etc. - Private,11,0,0,11,23,0,0,23
Himachal Pradesh,2014,SUV (7 & 8 Seater)/Station Wagon/etc. - Taxi,8,0,0,8,14,2,0,16
Himachal Pradesh,2014,Car (4 & 5 Seater) (Total),111,7,0,118,215,64,0,279
Himachal Pradesh,2014,Car (4 & 5 Seater) - Government,0,0,0,0,10,0,0,10
Himachal Pradesh,2014,Car (4 & 5 Seater) - Private,96,3,0,99,178,63,0,241
Himachal Pradesh,2014,Car (4 & 5 Seater) - Taxi,15,4,0,19,27,1,0,28
Himachal Pradesh,2014,Jeep (Total),28,1,0,29,84,5,0,89
Himachal Pradesh,2014,Jeep - Government,0,0,0,0,1,0,0,1
Himachal Pradesh,2014,Jeep - Private,28,1,0,29,83,5,0,88
Himachal Pradesh,2014,Tractor (Total),13,1,0,14,5,1,0,6
Himachal Pradesh,2014,Three Wheeler/Auto rickshaw (Total),1,0,0,1,1,0,0,1
Himachal Pradesh,2014,Three Wheeler/Auto rickshaw - Passenger Carriers,1,0,0,1,0,0,0,0
Himachal Pradesh,2014,Three Wheeler/Auto rickshaw - Goods Carriers,0,0,0,0,1,0,0,1
Himachal Pradesh,2014,Two Wheeler (Total),99,4,0,103,49,9,0,58
Himachal Pradesh,2014,Two Wheeler - Motor Cycle,92,3,0,95,46,8,0,54
Himachal Pradesh,2014,Two Wheeler - Scooter,7,1,0,8,3,1,0,4
Himachal Pradesh,2014,Two Wheeler - Others,0,0,0,0,0,0,0,0
Himachal Pradesh,2014,Other Motor Vehicles,58,1,0,59,80,3,0,83
Himachal Pradesh,2014,Sub Total (Motor Vehicles),431,23,0,454,778,159,0,937
Himachal Pradesh,2014,Bicycle,1,0,0,1,0,0,0,0
Himachal Pradesh,2014,Hand Drawn Vehicle/Cycle rickshaw (Passenger),0,0,0,0,0,0,0,0
Himachal Pradesh,2014,Animal Drawn Vehicle,0,0,0,0,0,0,0,0
Himachal Pradesh,2014,Pedestrian,1,1,0,2,7,1,0,8
Himachal Pradesh,2014,Others,0,0,0,0,1,0,0,1
Himachal Pradesh,2014,Sub Total - (Bicycle + Hand Drawn Vehicle/Cycle rickshaw (Passenger) + Animal Drawn Vehicle + Pedestrian + Others,2,1,0,3,8,1,0,9
Himachal Pradesh,2014,Total,433,24,0,457,786,160,0,946
Jammu & Kashmir,2014,Truck/Lorry (Total),53,0,0,53,59,3,0,62
Jammu & Kashmir,2014,Truck/Lorry - Normal Goods Carriers,18,0,0,18,25,2,0,27
Jammu & Kashmir,2014,Truck/Lorry - Trailer/Container Carriers,4,0,0,4,3,0,0,3
Jammu & Kashmir,2014,Truck/Lorry - Tankers,5,0,0,5,6,0,0,6
Jammu & Kashmir,2014,Truck/Lorry - Others,26,0,0,26,25,1,0,26
Jammu & Kashmir,2014,Bus (Total),36,5,0,41,89,51,0,140
Jammu & Kashmir,2014,Bus - Government,0,0,0,0,0,0,0,0
Jammu & Kashmir,2014,Bus - Private,36,5,0,41,89,51,0,140
Jammu & Kashmir,2014,Bus - School Bus,0,0,0,0,0,0,0,0
Jammu & Kashmir,2014,SUV (7 & 8 Seater)/Station Wagon/etc. (Total),20,3,0,23,32,11,0,43
Jammu & Kashmir,2014,SUV (7 & 8 Seater)/Station Wagon/etc. - Government,0,0,0,0,0,0,0,0
Jammu & Kashmir,2014,SUV (7 & 8 Seater)/Station Wagon/etc. - Private,11,2,0,13,31,8,0,39
Jammu & Kashmir,2014,SUV (7 & 8 Seater)/Station Wagon/etc. - Taxi,9,1,0,10,1,3,0,4
Jammu & Kashmir,2014,Car (4 & 5 Seater) (Total),40,4,0,44,41,17,0,58
Jammu & Kashmir,2014,Car (4 & 5 Seater) - Government,0,0,0,0,2,1,0,3
Jammu & Kashmir,2014,Car (4 & 5 Seater) - Private,39,4,0,43,38,16,0,54
Jammu & Kashmir,2014,Car (4 & 5 Seater) - Taxi,1,0,0,1,1,0,0,1
Jammu & Kashmir,2014,Jeep (Total),1,0,0,1,5,0,0,5
Jammu & Kashmir,2014,Jeep - Government,1,0,0,1,3,0,0,3
Jammu & Kashmir,2014,Jeep - Private,0,0,0,0,2,0,0,2
Jammu & Kashmir,2014,Tractor (Total),18,0,0,18,17,2,0,19
Jammu & Kashmir,2014,Three Wheeler/Auto rickshaw (Total),4,1,0,5,10,1,0,11
Jammu & Kashmir,2014,Three Wheeler/Auto rickshaw - Passenger Carriers,3,1,0,4,7,1,0,8
Jammu & Kashmir,2014,Three Wheeler/Auto rickshaw - Goods Carriers,1,0,0,1,3,0,0,3
Jammu & Kashmir,2014,Two Wheeler (Total),82,10,0,92,106,37,0,143
Jammu & Kashmir,2014,Two Wheeler - Motor Cycle,64,4,0,68,60,16,0,76
Jammu & Kashmir,2014,Two Wheeler - Scooter,18,6,0,24,17,8,0,25
Jammu & Kashmir,2014,Two Wheeler - Others,0,0,0,0,29,13,0,42
Jammu & Kashmir,2014,Other Motor Vehicles,18,0,0,18,103,19,0,122
Jammu & Kashmir,2014,Sub Total (Motor Vehicles),272,23,0,295,462,141,0,603
Jammu & Kashmir,2014,Bicycle,0,0,0,0,0,0,0,0
Jammu & Kashmir,2014,Hand Drawn Vehicle/Cycle rickshaw (Passenger),0,0,0,0,0,0,0,0
Jammu & Kashmir,2014,Animal Drawn Vehicle,0,0,0,0,0,0,0,0
Jammu & Kashmir,2014,Pedestrian,7,3,0,10,26,8,0,34
Jammu & Kashmir,2014,Others,23,1,0,24,8,3,0,11
Jammu & Kashmir,2014,Sub Total - (Bicycle + Hand Drawn Vehicle/Cycle rickshaw (Passenger) + Animal Drawn Vehicle + Pedestrian + Others,30,4,0,34,34,11,0,45
Jammu & Kashmir,2014,Total,302,27,0,329,496,152,0,648
Jharkhand,2014,Truck/Lorry (Total),121,6,0,127,203,34,0,237
Jharkhand,2014,Truck/Lorry - Normal Goods Carriers,63,3,0,66,115,18,0,133
Jharkhand,2014,Truck/Lorry - Trailer/Container Carriers,8,2,0,10,33,5,0,38
Jharkhand,2014,Truck/Lorry - Tankers,6,1,0,7,6,2,0,8
Jharkhand,2014,Truck/Lorry - Others,44,0,0,44,49,9,0,58
Jharkhand,2014,Bus (Total),59,8,0,67,132,33,0,165
Jharkhand,2014,Bus - Government,1,0,0,1,0,0,0,0
Jharkhand,2014,Bus - Private,58,8,0,66,130,32,0,162
Jharkhand,2014,Bus - School Bus,0,0,0,0,2,1,0,3
Jharkhand,2014,SUV (7 & 8 Seater)/Station Wagon/etc. (Total),15,6,0,21,32,9,0,41
Jharkhand,2014,SUV (7 & 8 Seater)/Station Wagon/etc. - Government,0,0,0,0,0,0,0,0
Jharkhand,2014,SUV (7 & 8 Seater)/Station Wagon/etc. - Private,14,6,0,20,25,6,0,31
Jharkhand,2014,SUV (7 & 8 Seater)/Station Wagon/etc. - Taxi,1,0,0,1,7,3,0,10
Jharkhand,2014,Car (4 & 5 Seater) (Total),34,8,0,42,43,24,0,67
Jharkhand,2014,Car (4 & 5 Seater) - Government,0,0,0,0,0,0,0,0
Jharkhand,2014,Car (4 & 5 Seater) - Private,30,4,0,34,39,20,0,59
Jharkhand,2014,Car (4 & 5 Seater) - Taxi,4,4,0,8,4,4,0,8
Jharkhand,2014,Jeep (Total),40,0,0,40,21,2,0,23
Jharkhand,2014,Jeep - Government,1,0,0,1,0,0,0,0
Jharkhand,2014,Jeep - Private,39,0,0,39,21,2,0,23
Jharkhand,2014,Tractor (Total),25,0,0,25,26,9,0,35
Jharkhand,2014,Three Wheeler/Auto rickshaw (Total),40,3,0,43,69,25,0,94
Jharkhand,2014,Three Wheeler/Auto rickshaw - Passenger Carriers,35,3,0,38,46,20,0,66
Jharkhand,2014,Three Wheeler/Auto rickshaw - Goods Carriers,5,0,0,5,23,5,0,28
Jharkhand,2014,Two Wheeler (Total),577,38,0,615,148,38,0,186
Jharkhand,2014,Two Wheeler - Motor Cycle,237,7,0,244,119,29,0,148
Jharkhand,2014,Two Wheeler - Scooter,9,3,0,12,8,8,0,16
Jharkhand,2014,Two Wheeler - Others,331,28,0,359,21,1,0,22
Jharkhand,2014,Other Motor Vehicles,28,9,0,37,62,31,0,93
Jharkhand,2014,Sub Total (Motor Vehicles),939,78,0,1017,736,205,0,941
Jharkhand,2014,Bicycle,6,0,0,6,10,0,0,10
Jharkhand,2014,Hand Drawn Vehicle/Cycle rickshaw (Passenger),2,0,0,2,0,0,0,0
Jharkhand,2014,Animal Drawn Vehicle,0,0,0,0,0,0,0,0
Jharkhand,2014,Pedestrian,5,3,0,8,0,0,0,0
Jharkhand,2014,Others,203,22,0,225,206,131,0,337
Jharkhand,2014,Sub Total - (Bicycle + Hand Drawn Vehicle/Cycle rickshaw (Passenger) + Animal Drawn Vehicle + Pedestrian + Others,216,25,0,241,216,131,0,347
Jharkhand,2014,Total,1155,103,0,1258,952,336,0,1288
Karnataka,2014,Truck/Lorry (Total),213,0,0,213,1015,169,0,1184
Karnataka,2014,Truck/Lorry - Normal Goods Carriers,87,0,0,87,490,78,0,568
Karnataka,2014,Truck/Lorry - Trailer/Container Carriers,11,0,0,11,32,5,0,37
Karnataka,2014,Truck/Lorry - Tankers,13,0,0,13,121,13,0,134
Karnataka,2014,Truck/Lorry - Others,102,0,0,102,372,73,0,445
Karnataka,2014,Bus (Total),69,0,0,69,680,133,0,813
Karnataka,2014,Bus - Government,33,0,0,33,284,64,0,348
Karnataka,2014,Bus - Private,35,0,0,35,381,66,0,447
Karnataka,2014,Bus - School Bus,1,0,0,1,15,3,0,18
Karnataka,2014,SUV (7 & 8 Seater)/Station Wagon/etc. (Total),28,0,0,28,111,20,0,131
Karnataka,2014,SUV (7 & 8 Seater)/Station Wagon/etc. - Government,0,0,0,0,8,1,0,9
Karnataka,2014,SUV (7 & 8 Seater)/Station Wagon/etc. - Private,24,0,0,24,80,13,0,93
Karnataka,2014,SUV (7 & 8 Seater)/Station Wagon/etc. - Taxi,4,0,0,4,23,6,0,29
Karnataka,2014,Car (4 & 5 Seater) (Total),201,0,0,201,965,231,0,1196
Karnataka,2014,Car (4 & 5 Seater) - Government,1,0,0,1,14,0,0,14
Karnataka,2014,Car (4 & 5 Seater) - Private,179,0,0,179,795,180,0,975
Karnataka,2014,Car (4 & 5 Seater) - Taxi,21,0,0,21,156,51,0,207
Karnataka,2014,Jeep (Total),52,0,0,52,287,70,0,357
Karnataka,2014,Jeep - Government,0,0,0,0,3,2,0,5
Karnataka,2014,Jeep - Private,52,0,0,52,284,68,0,352
Karnataka,2014,Tractor (Total),82,0,0,82,288,60,0,348
Karnataka,2014,Three Wheeler/Auto rickshaw (Total),64,0,0,64,344,112,0,456
Karnataka,2014,Three Wheeler/Auto rickshaw - Passenger Carriers,48,0,0,48,219,77,0,296
Karnataka,2014,Three Wheeler/Auto rickshaw - Goods Carriers,16,0,0,16,125,35,0,160
Karnataka,2014,Two Wheeler (Total),1000,22,0,1022,2106,383,0,2489
Karnataka,2014,Two Wheeler - Motor Cycle,861,17,0,878,1745,284,0,2029
Karnataka,2014,Two Wheeler - Scooter,112,5,0,117,236,77,0,313
Karnataka,2014,Two Wheeler - Others,27,0,0,27,125,22,0,147
Karnataka,2014,Other Motor Vehicles,91,3,0,94,606,147,0,753
Karnataka,2014,Sub Total (Motor Vehicles),1800,25,0,1825,6402,1325,0,7727
Karnataka,2014,Bicycle,0,0,0,0,59,1,0,60
Karnataka,2014,Hand Drawn Vehicle/Cycle rickshaw (Passenger),0,0,0,0,0,0,0,0
Karnataka,2014,Animal Drawn Vehicle,0,0,0,0,0,0,0,0
Karnataka,2014,Pedestrian,21,1,0,22,442,87,0,529
Karnataka,2014,Others,54,2,0,56,198,27,0,225
Karnataka,2014,Sub Total - (Bicycle + Hand Drawn Vehicle/Cycle rickshaw (Passenger) + Animal Drawn Vehicle + Pedestrian + Others,75,3,0,78,699,115,0,814
Karnataka,2014,Total,1875,28,0,1903,7101,1440,0,8541
Kerala,2014,Truck/Lorry (Total),54,8,0,62,205,32,0,237
Kerala,2014,Truck/Lorry - Normal Goods Carriers,15,4,0,19,128,16,0,144
Kerala,2014,Truck/Lorry - Trailer/Container Carriers,2,0,0,2,18,3,0,21
Kerala,2014,Truck/Lorry - Tankers,3,1,0,4,12,1,0,13
Kerala,2014,Truck/Lorry - Others,34,3,0,37,47,12,0,59
Kerala,2014,Bus (Total),39,13,0,52,240,69,0,309
Kerala,2014,Bus - Government,10,3,0,13,77,17,0,94
Kerala,2014,Bus - Private,28,10,0,38,156,49,0,205
Kerala,2014,Bus - School Bus,1,0,0,1,7,3,0,10
Kerala,2014,SUV (7 & 8 Seater)/Station Wagon/etc. (Total),7,2,0,9,45,15,0,60
Kerala,2014,SUV (7 & 8 Seater)/Station Wagon/etc. - Government,0,0,0,0,0,0,0,0
Kerala,2014,SUV (7 & 8 Seater)/Station Wagon/etc. - Private,7,2,0,9,29,9,0,38
Kerala,2014,SUV (7 & 8 Seater)/Station Wagon/etc. - Taxi,0,0,0,0,16,6,0,22
Kerala,2014,Car (4 & 5 Seater) (Total),93,24,0,117,301,60,0,361
Kerala,2014,Car (4 & 5 Seater) - Government,0,0,0,0,2,0,0,2
Kerala,2014,Car (4 & 5 Seater) - Private,88,24,0,112,254,49,0,303
Kerala,2014,Car (4 & 5 Seater) - Taxi,5,0,0,5,45,11,0,56
Kerala,2014,Jeep (Total),9,1,0,10,44,22,0,66
Kerala,2014,Jeep - Government,0,0,0,0,0,3,0,3
Kerala,2014,Jeep - Private,9,1,0,10,44,19,0,63
Kerala,2014,Tractor (Total),1,0,0,1,0,0,0,0
Kerala,2014,Three Wheeler/Auto rickshaw (Total),43,6,0,49,154,44,0,198
Kerala,2014,Three Wheeler/Auto rickshaw - Passenger Carriers,31,4,0,35,124,41,0,165
Kerala,2014,Three Wheeler/Auto rickshaw - Goods Carriers,12,2,0,14,30,3,0,33
Kerala,2014,Two Wheeler (Total),337,36,0,373,940,152,0,1092
Kerala,2014,Two Wheeler - Motor Cycle,285,16,0,301,787,112,0,899
Kerala,2014,Two Wheeler - Scooter,52,20,0,72,143,40,0,183
Kerala,2014,Two Wheeler - Others,0,0,0,0,10,0,0,10
Kerala,2014,Other Motor Vehicles,1,1,0,2,52,11,0,63
Kerala,2014,Sub Total (Motor Vehicles),584,91,0,675,1981,405,0,2386
Kerala,2014,Bicycle,23,0,0,23,54,0,0,54
Kerala,2014,Hand Drawn Vehicle/Cycle rickshaw (Passenger),0,0,0,0,0,0,0,0
Kerala,2014,Animal Drawn Vehicle,0,0,0,0,0,0,0,0
Kerala,2014,Pedestrian,40,16,0,56,602,177,0,779
Kerala,2014,Others,7,0,0,7,13,7,0,20
Kerala,2014,Sub Total - (Bicycle + Hand Drawn Vehicle/Cycle rickshaw (Passenger) + Animal Drawn Vehicle + Pedestrian + Others,70,16,0,86,669,184,0,853
Kerala,2014,Total,654,107,0,761,2650,589,0,3239
Madhya Pradesh,2014,Truck/Lorry (Total),368,26,0,394,1307,194,0,1501
Madhya Pradesh,2014,Truck/Lorry - Normal Goods Carriers,184,10,0,194,817,110,0,927
Madhya Pradesh,2014,Truck/Lorry - Trailer/Container Carriers,50,2,0,52,84,5,0,89
Madhya Pradesh,2014,Truck/Lorry - Tankers,24,1,0,25,105,15,0,120
Madhya Pradesh,2014,Truck/Lorry - Others,110,13,0,123,301,64,0,365
Madhya Pradesh,2014,Bus (Total),156,21,0,177,408,109,0,517
Madhya Pradesh,2014,Bus - Government,0,0,0,0,1,0,0,1
Madhya Pradesh,2014,Bus - Private,155,19,0,174,389,104,0,493
Madhya Pradesh,2014,Bus - School Bus,1,2,0,3,18,5,0,23
Madhya Pradesh,2014,SUV (7 & 8 Seater)/Station Wagon/etc. (Total),104,13,0,117,236,60,0,296
Madhya Pradesh,2014,SUV (7 & 8 Seater)/Station Wagon/etc. - Government,0,0,0,0,1,0,0,1
Madhya Pradesh,2014,SUV (7 & 8 Seater)/Station Wagon/etc. - Private,59,9,0,68,151,46,0,197
Madhya Pradesh,2014,SUV (7 & 8 Seater)/Station Wagon/etc. - Taxi,45,4,0,49,84,14,0,98
Madhya Pradesh,2014,Car (4 & 5 Seater) (Total),189,22,0,211,499,96,0,595
Madhya Pradesh,2014,Car (4 & 5 Seater) - Government,1,0,0,1,2,0,0,2
Madhya Pradesh,2014,Car (4 & 5 Seater) - Private,174,20,0,194,445,85,0,530
Madhya Pradesh,2014,Car (4 & 5 Seater) - Taxi,14,2,0,16,52,11,0,63
Madhya Pradesh,2014,Jeep (Total),128,10,0,138,299,57,0,356
Madhya Pradesh,2014,Jeep - Government,9,0,0,9,7,0,0,7
Madhya Pradesh,2014,Jeep - Private,119,10,0,129,292,57,0,349
Madhya Pradesh,2014,Tractor (Total),138,9,0,147,437,88,0,525
Madhya Pradesh,2014,Three Wheeler/Auto rickshaw (Total),51,10,0,61,163,32,0,195
Madhya Pradesh,2014,Three Wheeler/Auto rickshaw - Passenger Carriers,47,10,0,57,122,29,0,151
Madhya Pradesh,2014,Three Wheeler/Auto rickshaw - Goods Carriers,4,0,0,4,41,3,0,44
Madhya Pradesh,2014,Two Wheeler (Total),894,105,0,999,1448,219,0,1667
Madhya Pradesh,2014,Two Wheeler - Motor Cycle,795,97,0,892,1285,179,0,1464
Madhya Pradesh,2014,Two Wheeler - Scooter,66,7,0,73,63,8,0,71
Madhya Pradesh,2014,Two Wheeler - Others,33,1,0,34,100,32,0,132
Madhya Pradesh,2014,Other Motor Vehicles,113,33,0,146,425,66,0,491
Madhya Pradesh,2014,Sub Total (Motor Vehicles),2141,249,0,2390,5222,921,0,6143
Madhya Pradesh,2014,Bicycle,28,8,0,36,10,2,0,12
Madhya Pradesh,2014,Hand Drawn Vehicle/Cycle rickshaw (Passenger),0,0,0,0,3,0,0,3
Madhya Pradesh,2014,Animal Drawn Vehicle,3,0,0,3,3,0,0,3
Madhya Pradesh,2014,Pedestrian,30,7,0,37,404,90,0,494
Madhya Pradesh,2014,Others,19,0,0,19,124,28,0,152
Madhya Pradesh,2014,Sub Total - (Bicycle + Hand Drawn Vehicle/Cycle rickshaw (Passenger) + Animal Drawn Vehicle + Pedestrian + Others,80,15,0,95,544,120,0,664
Madhya Pradesh,2014,Total,2221,264,0,2485,5766,1041,0,6807
Maharashtra,2014,Truck/Lorry (Total),458,6,0,464,1516,204,0,1720
Maharashtra,2014,Truck/Lorry - Normal Goods Carriers,213,1,0,214,874,104,0,978
Maharashtra,2014,Truck/Lorry - Trailer/Container Carriers,61,1,0,62,221,39,0,260
Maharashtra,2014,Truck/Lorry - Tankers,43,1,0,44,153,23,0,176
Maharashtra,2014,Truck/Lorry - Others,141,3,0,144,268,38,0,306
Maharashtra,2014,Bus (Total),57,6,0,63,467,106,0,573
Maharashtra,2014,Bus - Government,26,2,0,28,268,57,0,325
Maharashtra,2014,Bus - Private,30,2,0,32,184,44,0,228
Maharashtra,2014,Bus - School Bus,1,2,0,3,15,5,0,20
Maharashtra,2014,SUV (7 & 8 Seater)/Station Wagon/etc. (Total),33,2,0,35,109,34,0,143
Maharashtra,2014,SUV (7 & 8 Seater)/Station Wagon/etc. - Government,0,0,0,0,5,4,0,9
Maharashtra,2014,SUV (7 & 8 Seater)/Station Wagon/etc. - Private,28,1,0,29,69,18,0,87
Maharashtra,2014,SUV (7 & 8 Seater)/Station Wagon/etc. - Taxi,5,1,0,6,35,12,0,47
Maharashtra,2014,Car (4 & 5 Seater) (Total),293,13,0,306,949,195,0,1144
Maharashtra,2014,Car (4 & 5 Seater) - Government,3,0,0,3,3,0,0,3
Maharashtra,2014,Car (4 & 5 Seater) - Private,283,13,0,296,881,184,0,1065
Maharashtra,2014,Car (4 & 5 Seater) - Taxi,7,0,0,7,65,11,0,76
Maharashtra,2014,Jeep (Total),130,2,0,132,580,138,0,718
Maharashtra,2014,Jeep - Government,1,0,0,1,3,1,0,4
Maharashtra,2014,Jeep - Private,129,2,0,131,577,137,0,714
Maharashtra,2014,Tractor (Total),94,0,0,94,205,16,0,221
Maharashtra,2014,Three Wheeler/Auto rickshaw (Total),125,13,0,138,418,112,0,530
Maharashtra,2014,Three Wheeler/Auto rickshaw - Passenger Carriers,104,12,0,116,380,92,0,472
Maharashtra,2014,Three Wheeler/Auto rickshaw - Goods Carriers,21,1,0,22,38,20,0,58
Maharashtra,2014,Two Wheeler (Total),1907,52,0,1959,2573,514,0,3087
Maharashtra,2014,Two Wheeler - Motor Cycle,1826,41,0,1867,2449,483,0,2932
Maharashtra,2014,Two Wheeler - Scooter,23,6,0,29,68,15,0,83
Maharashtra,2014,Two Wheeler - Others,58,5,0,63,56,16,0,72
Maharashtra,2014,Other Motor Vehicles,128,6,0,134,468,84,0,552
Maharashtra,2014,Sub Total (Motor Vehicles),3225,100,0,3325,7285,1403,0,8688
Maharashtra,2014,Bicycle,48,0,0,48,89,9,0,98
Maharashtra,2014,Hand Drawn Vehicle/Cycle rickshaw (Passenger),0,0,0,0,3,0,0,3
Maharashtra,2014,Animal Drawn Vehicle,3,0,0,3,4,0,0,4
Maharashtra,2014,Pedestrian,74,16,0,90,873,205,2,1080
Maharashtra,2014,Others,27,3,0,30,142,18,0,160
Maharashtra,2014,Sub Total - (Bicycle + Hand Drawn Vehicle/Cycle rickshaw (Passenger) + Animal Drawn Vehicle + Pedestrian + Others,152,19,0,171,1111,232,2,1345
Maharashtra,2014,Total,3377,119,0,3496,8396,1635,2,10033
Manipur,2014,Truck/Lorry (Total),7,0,0,7,36,7,0,43
Manipur,2014,Truck/Lorry - Normal Goods Carriers,0,0,0,0,10,1,0,11
Manipur,2014,Truck/Lorry - Trailer/Container Carriers,0,0,0,0,0,0,0,0
Manipur,2014,Truck/Lorry - Tankers,0,0,0,0,1,0,0,1
Manipur,2014,Truck/Lorry - Others,7,0,0,7,25,6,0,31
Manipur,2014,Bus (Total),0,0,0,0,4,1,0,5
Manipur,2014,Bus - Government,0,0,0,0,0,0,0,0
Manipur,2014,Bus - Private,0,0,0,0,4,1,0,5
Manipur,2014,Bus - School Bus,0,0,0,0,0,0,0,0
Manipur,2014,SUV (7 & 8 Seater)/Station Wagon/etc. (Total),1,0,0,1,12,1,0,13
Manipur,2014,SUV (7 & 8 Seater)/Station Wagon/etc. - Government,0,0,0,0,1,0,0,1
Manipur,2014,SUV (7 & 8 Seater)/Station Wagon/etc. - Private,0,0,0,0,2,0,0,2
Manipur,2014,SUV (7 & 8 Seater)/Station Wagon/etc. - Taxi,1,0,0,1,9,1,0,10
Manipur,2014,Car (4 & 5 Seater) (Total),2,0,0,2,22,4,0,26
Manipur,2014,Car (4 & 5 Seater) - Government,0,0,0,0,0,0,0,0
Manipur,2014,Car (4 & 5 Seater) - Private,2,0,0,2,19,4,0,23
Manipur,2014,Car (4 & 5 Seater) - Taxi,0,0,0,0,3,0,0,3
Manipur,2014,Jeep (Total),0,0,0,0,2,0,0,2
Manipur,2014,Jeep - Government,0,0,0,0,0,0,0,0
Manipur,2014,Jeep - Private,0,0,0,0,2,0,0,2
Manipur,2014,Tractor (Total),1,0,0,1,0,0,0,0
Manipur,2014,Three Wheeler/Auto rickshaw (Total),0,0,0,0,3,1,0,4
Manipur,2014,Three Wheeler/Auto rickshaw - Passenger Carriers,0,0,0,0,3,1,0,4
Manipur,2014,Three Wheeler/Auto rickshaw - Goods Carriers,0,0,0,0,0,0,0,0
Manipur,2014,Two Wheeler (Total),9,0,0,9,32,0,0,32
Manipur,2014,Two Wheeler - Motor Cycle,5,0,0,5,27,0,0,27
Manipur,2014,Two Wheeler - Scooter,3,0,0,3,4,0,0,4
Manipur,2014,Two Wheeler - Others,1,0,0,1,1,0,0,1
Manipur,2014,Other Motor Vehicles,3,1,0,4,6,1,0,7
Manipur,2014,Sub Total (Motor Vehicles),23,1,0,24,117,15,0,132
Manipur,2014,Bicycle,1,0,0,1,1,0,0,1
Manipur,2014,Hand Drawn Vehicle/Cycle rickshaw (Passenger),0,0,0,0,0,0,0,0
Manipur,2014,Animal Drawn Vehicle,0,0,0,0,0,0,0,0
Manipur,2014,Pedestrian,0,0,0,0,8,1,0,9
Manipur,2014,Others,0,0,0,0,0,0,0,0
Manipur,2014,Sub Total - (Bicycle + Hand Drawn Vehicle/Cycle rickshaw (Passenger) + Animal Drawn Vehicle + Pedestrian + Others,1,0,0,1,9,1,0,10
Manipur,2014,Total,24,1,0,25,126,16,0,142
Meghalaya,2014,Truck/Lorry (Total),19,0,0,19,19,2,0,21
Meghalaya,2014,Truck/Lorry - Normal Goods Carriers,15,0,0,15,18,2,0,20
Meghalaya,2014,Truck/Lorry - Trailer/Container Carriers,0,0,0,0,0,0,0,0
Meghalaya,2014,Truck/Lorry - Tankers,0,0,0,0,0,0,0,0
Meghalaya,2014,Truck/Lorry - Others,4,0,0,4,1,0,0,1
Meghalaya,2014,Bus (Total),6,1,0,7,11,5,0,16
Meghalaya,2014,Bus - Government,1,0,0,1,0,0,0,0
Meghalaya,2014,Bus - Private,5,1,0,6,11,5,0,16
Meghalaya,2014,Bus - School Bus,0,0,0,0,0,0,0,0
Meghalaya,2014,SUV (7 & 8 Seater)/Station Wagon/etc. (Total),3,1,0,4,0,0,0,0
Meghalaya,2014,SUV (7 & 8 Seater)/Station Wagon/etc. - Government,1,0,0,1,0,0,0,0
Meghalaya,2014,SUV (7 & 8 Seater)/Station Wagon/etc. - Private,1,0,0,1,0,0,0,0
Meghalaya,2014,SUV (7 & 8 Seater)/Station Wagon/etc. - Taxi,1,1,0,2,0,0,0,0
Meghalaya,2014,Car (4 & 5 Seater) (Total),19,1,0,20,10,4,0,14
Meghalaya,2014,Car (4 & 5 Seater) - Government,0,0,0,0,0,0,0,0
Meghalaya,2014,Car (4 & 5 Seater) - Private,16,0,0,16,6,2,0,8
Meghalaya,2014,Car (4 & 5 Seater) - Taxi,3,1,0,4,4,2,0,6
Meghalaya,2014,Jeep (Total),0,1,0,1,0,0,0,0
Meghalaya,2014,Jeep - Government,0,0,0,0,0,0,0,0
Meghalaya,2014,Jeep - Private,0,1,0,1,0,0,0,0
Meghalaya,2014,Tractor (Total),0,0,0,0,0,0,0,0
Meghalaya,2014,Three Wheeler/Auto rickshaw (Total),1,1,0,2,13,1,0,14
Meghalaya,2014,Three Wheeler/Auto rickshaw - Passenger Carriers,1,1,0,2,4,0,0,4
Meghalaya,2014,Three Wheeler/Auto rickshaw - Goods Carriers,0,0,0,0,9,1,0,10
Meghalaya,2014,Two Wheeler (Total),26,1,0,27,9,1,0,10
Meghalaya,2014,Two Wheeler - Motor Cycle,22,1,0,23,8,1,0,9
Meghalaya,2014,Two Wheeler - Scooter,2,0,0,2,1,0,0,1
Meghalaya,2014,Two Wheeler - Others,2,0,0,2,0,0,0,0
Meghalaya,2014,Other Motor Vehicles,3,0,0,3,3,0,0,3
Meghalaya,2014,Sub Total (Motor Vehicles),77,6,0,83,65,13,0,78
Meghalaya,2014,Bicycle,0,0,0,0,0,0,0,0
Meghalaya,2014,Hand Drawn Vehicle/Cycle rickshaw (Passenger),0,0,0,0,0,0,0,0
Meghalaya,2014,Animal Drawn Vehicle,0,0,0,0,0,0,0,0
Meghalaya,2014,Pedestrian,0,0,0,0,5,5,0,10
Meghalaya,2014,Others,0,0,0,0,0,0,0,0
Meghalaya,2014,Sub Total - (Bicycle + Hand Drawn Vehicle/Cycle rickshaw (Passenger) + Animal Drawn Vehicle + Pedestrian + Others,0,0,0,0,5,5,0,10
Meghalaya,2014,Total,77,6,0,83,70,18,0,88
Mizoram,2014,Truck/Lorry (Total),8,0,0,8,19,5,0,24
Mizoram,2014,Truck/Lorry - Normal Goods Carriers,7,0,0,7,15,3,0,18
Mizoram,2014,Truck/Lorry - Trailer/Container Carriers,0,0,0,0,0,0,0,0
Mizoram,2014,Truck/Lorry - Tankers,0,0,0,0,0,0,0,0
Mizoram,2014,Truck/Lorry - Others,1,0,0,1,4,2,0,6
Mizoram,2014,Bus (Total),1,0,0,1,1,3,0,4
Mizoram,2014,Bus - Government,0,0,0,0,0,0,0,0
Mizoram,2014,Bus - Private,1,0,0,1,1,3,0,4
Mizoram,2014,Bus - School Bus,0,0,0,0,0,0,0,0
Mizoram,2014,SUV (7 & 8 Seater)/Station Wagon/etc. (Total),0,0,0,0,2,0,0,2
Mizoram,2014,SUV (7 & 8 Seater)/Station Wagon/etc. - Government,0,0,0,0,0,0,0,0
Mizoram,2014,SUV (7 & 8 Seater)/Station Wagon/etc. - Private,0,0,0,0,2,0,0,2
Mizoram,2014,SUV (7 & 8 Seater)/Station Wagon/etc. - Taxi,0,0,0,0,0,0,0,0
Mizoram,2014,Car (4 & 5 Seater) (Total),4,0,0,4,8,7,0,15
Mizoram,2014,Car (4 & 5 Seater) - Government,0,0,0,0,0,1,0,1
Mizoram,2014,Car (4 & 5 Seater) - Private,3,0,0,3,7,5,0,12
Mizoram,2014,Car (4 & 5 Seater) - Taxi,1,0,0,1,1,1,0,2
Mizoram,2014,Jeep (Total),1,0,0,1,2,1,0,3
Mizoram,2014,Jeep - Government,0,0,0,0,1,0,0,1
Mizoram,2014,Jeep - Private,1,0,0,1,1,1,0,2
Mizoram,2014,Tractor (Total),0,0,0,0,0,0,0,0
Mizoram,2014,Three Wheeler/Auto rickshaw (Total),0,0,0,0,0,0,0,0
Mizoram,2014,Three Wheeler/Auto rickshaw - Passenger Carriers,0,0,0,0,0,0,0,0
Mizoram,2014,Three Wheeler/Auto rickshaw - Goods Carriers,0,0,0,0,0,0,0,0
Mizoram,2014,Two Wheeler (Total),11,1,0,12,6,1,0,7
Mizoram,2014,Two Wheeler - Motor Cycle,9,0,0,9,3,1,0,4
Mizoram,2014,Two Wheeler - Scooter,2,1,0,3,3,0,0,3
Mizoram,2014,Two Wheeler - Others,0,0,0,0,0,0,0,0
Mizoram,2014,Other Motor Vehicles,4,0,0,4,4,2,0,6
Mizoram,2014,Sub Total (Motor Vehicles),29,1,0,30,42,19,0,61
Mizoram,2014,Bicycle,0,0,0,0,0,0,0,0
Mizoram,2014,Hand Drawn Vehicle/Cycle rickshaw (Passenger),0,0,0,0,0,0,0,0
Mizoram,2014,Animal Drawn Vehicle,0,0,0,0,0,0,0,0
Mizoram,2014,Pedestrian,0,0,0,0,2,0,0,2
Mizoram,2014,Others,0,0,0,0,0,0,0,0
Mizoram,2014,Sub Total - (Bicycle + Hand Drawn Vehicle/Cycle rickshaw (Passenger) + Animal Drawn Vehicle + Pedestrian + Others,0,0,0,0,2,0,0,2
Mizoram,2014,Total,29,1,0,30,44,19,0,63
Nagaland,2014,Truck/Lorry (Total),1,0,0,1,2,0,0,2
Nagaland,2014,Truck/Lorry - Normal Goods Carriers,1,0,0,1,0,0,0,0
Nagaland,2014,Truck/Lorry - Trailer/Container Carriers,0,0,0,0,2,0,0,2
Nagaland,2014,Truck/Lorry - Tankers,0,0,0,0,0,0,0,0
Nagaland,2014,Truck/Lorry - Others,0,0,0,0,0,0,0,0
Nagaland,2014,Bus (Total),0,0,0,0,1,0,0,1
Nagaland,2014,Bus - Government,0,0,0,0,0,0,0,0
Nagaland,2014,Bus - Private,0,0,0,0,1,0,0,1
Nagaland,2014,Bus - School Bus,0,0,0,0,0,0,0,0
Nagaland,2014,SUV (7 & 8 Seater)/Station Wagon/etc. (Total),0,0,0,0,0,2,0,2
Nagaland,2014,SUV (7 & 8 Seater)/Station Wagon/etc. - Government,0,0,0,0,0,0,0,0
Nagaland,2014,SUV (7 & 8 Seater)/Station Wagon/etc. - Private,0,0,0,0,0,0,0,0
Nagaland,2014,SUV (7 & 8 Seater)/Station Wagon/etc. - Taxi,0,0,0,0,0,2,0,2
Nagaland,2014,Car (4 & 5 Seater) (Total),1,0,0,1,2,5,0,7
Nagaland,2014,Car (4 & 5 Seater) - Government,0,0,0,0,0,0,0,0
Nagaland,2014,Car (4 & 5 Seater) - Private,1,0,0,1,2,5,0,7
Nagaland,2014,Car (4 & 5 Seater) - Taxi,0,0,0,0,0,0,0,0
Nagaland,2014,Jeep (Total),0,0,0,0,0,0,0,0
Nagaland,2014,Jeep - Government,0,0,0,0,0,0,0,0
Nagaland,2014,Jeep - Private,0,0,0,0,0,0,0,0
Nagaland,2014,Tractor (Total),0,0,0,0,0,0,0,0
Nagaland,2014,Three Wheeler/Auto rickshaw (Total),1,0,0,1,0,1,0,1
Nagaland,2014,Three Wheeler/Auto rickshaw - Passenger Carriers,1,0,0,1,0,1,0,1
Nagaland,2014,Three Wheeler/Auto rickshaw - Goods Carriers,0,0,0,0,0,0,0,0
Nagaland,2014,Two Wheeler (Total),3,0,0,3,0,0,0,0
Nagaland,2014,Two Wheeler - Motor Cycle,3,0,0,3,0,0,0,0
Nagaland,2014,Two Wheeler - Scooter,0,0,0,0,0,0,0,0
Nagaland,2014,Two Wheeler - Others,0,0,0,0,0,0,0,0
Nagaland,2014,Other Motor Vehicles,2,0,0,2,0,0,0,0
Nagaland,2014,Sub Total (Motor Vehicles),8,0,0,8,5,8,0,13
Nagaland,2014,Bicycle,0,0,0,0,0,0,0,0
Nagaland,2014,Hand Drawn Vehicle/Cycle rickshaw (Passenger),0,0,0,0,0,0,0,0
Nagaland,2014,Animal Drawn Vehicle,0,0,0,0,0,0,0,0
Nagaland,2014,Pedestrian,0,0,0,0,0,0,0,0
Nagaland,2014,Others,0,0,0,0,0,0,0,0
Nagaland,2014,Sub Total - (Bicycle + Hand Drawn Vehicle/Cycle rickshaw (Passenger) + Animal Drawn Vehicle + Pedestrian + Others,0,0,0,0,0,0,0,0
Nagaland,2014,Total,8,0,0,8,5,8,0,13
Odisha,2014,Truck/Lorry (Total),212,0,0,212,649,106,0,755
Odisha,2014,Truck/Lorry - Normal Goods Carriers,143,0,0,143,338,42,0,380
Odisha,2014,Truck/Lorry - Trailer/Container Carriers,19,0,0,19,65,7,0,72
Odisha,2014,Truck/Lorry - Tankers,6,0,0,6,26,0,0,26
Odisha,2014,Truck/Lorry - Others,44,0,0,44,220,57,0,277
Odisha,2014,Bus (Total),47,0,0,47,240,94,0,334
Odisha,2014,Bus - Government,0,0,0,0,3,0,0,3
Odisha,2014,Bus - Private,47,0,0,47,227,89,0,316
Odisha,2014,Bus - School Bus,0,0,0,0,10,5,0,15
Odisha,2014,SUV (7 & 8 Seater)/Station Wagon/etc. (Total),26,0,0,26,77,17,0,94
Odisha,2014,SUV (7 & 8 Seater)/Station Wagon/etc. - Government,0,0,0,0,0,0,0,0
Odisha,2014,SUV (7 & 8 Seater)/Station Wagon/etc. - Private,12,0,0,12,38,6,0,44
Odisha,2014,SUV (7 & 8 Seater)/Station Wagon/etc. - Taxi,14,0,0,14,39,11,0,50
Odisha,2014,Car (4 & 5 Seater) (Total),114,3,0,117,207,53,0,260
Odisha,2014,Car (4 & 5 Seater) - Government,0,0,0,0,0,0,0,0
Odisha,2014,Car (4 & 5 Seater) - Private,71,3,0,74,134,31,0,165
Odisha,2014,Car (4 & 5 Seater) - Taxi,43,0,0,43,73,22,0,95
Odisha,2014,Jeep (Total),20,0,0,20,113,22,0,135
Odisha,2014,Jeep - Government,2,0,0,2,0,0,0,0
Odisha,2014,Jeep - Private,18,0,0,18,113,22,0,135
Odisha,2014,Tractor (Total),41,0,0,41,83,20,0,103
Odisha,2014,Three Wheeler/Auto rickshaw (Total),46,1,0,47,149,30,0,179
Odisha,2014,Three Wheeler/Auto rickshaw - Passenger Carriers,35,0,0,35,130,26,0,156
Odisha,2014,Three Wheeler/Auto rickshaw - Goods Carriers,11,1,0,12,19,4,0,23
Odisha,2014,Two Wheeler (Total),554,16,0,570,351,122,0,473
Odisha,2014,Two Wheeler - Motor Cycle,512,3,0,515,319,102,0,421
Odisha,2014,Two Wheeler - Scooter,37,11,0,48,27,19,0,46
Odisha,2014,Two Wheeler - Others,5,2,0,7,5,1,0,6
Odisha,2014,Other Motor Vehicles,48,0,0,48,152,13,0,165
Odisha,2014,Sub Total (Motor Vehicles),1108,20,0,1128,2021,477,0,2498
Odisha,2014,Bicycle,31,3,0,34,25,2,0,27
Odisha,2014,Hand Drawn Vehicle/Cycle rickshaw (Passenger),0,0,0,0,5,1,0,6
Odisha,2014,Animal Drawn Vehicle,0,0,0,0,5,0,0,5
Odisha,2014,Pedestrian,24,4,0,28,103,17,0,120
Odisha,2014,Others,11,0,0,11,55,8,0,63
Odisha,2014,Sub Total - (Bicycle + Hand Drawn Vehicle/Cycle rickshaw (Passenger) + Animal Drawn Vehicle + Pedestrian + Others,66,7,0,73,193,28,0,221
Odisha,2014,Total,1174,27,0,1201,2214,505,0,2719
Punjab,2014,Truck/Lorry (Total),107,12,0,119,544,96,0,640
Punjab,2014,Truck/Lorry - Normal Goods Carriers,40,1,0,41,315,51,0,366
Punjab,2014,Truck/Lorry - Trailer/Container Carriers,27,6,0,33,99,18,0,117
Punjab,2014,Truck/Lorry - Tankers,13,2,0,15,20,4,0,24
Punjab,2014,Truck/Lorry - Others,27,3,0,30,110,23,0,133
Punjab,2014,Bus (Total),64,12,0,76,323,99,0,422
Punjab,2014,Bus - Government,5,0,0,5,67,22,0,89
Punjab,2014,Bus - Private,55,12,0,67,247,71,0,318
Punjab,2014,Bus - School Bus,4,0,0,4,9,6,0,15
Punjab,2014,SUV (7 & 8 Seater)/Station Wagon/etc. (Total),75,2,0,77,194,70,0,264
Punjab,2014,SUV (7 & 8 Seater)/Station Wagon/etc. - Government,2,0,0,2,3,3,0,6
Punjab,2014,SUV (7 & 8 Seater)/Station Wagon/etc. - Private,44,1,0,45,128,50,0,178
Punjab,2014,SUV (7 & 8 Seater)/Station Wagon/etc. - Taxi,29,1,0,30,63,17,0,80
Punjab,2014,Car (4 & 5 Seater) (Total),191,11,0,202,486,107,0,593
Punjab,2014,Car (4 & 5 Seater) - Government,3,0,0,3,9,2,0,11
Punjab,2014,Car (4 & 5 Seater) - Private,166,11,0,177,424,90,0,514
Punjab,2014,Car (4 & 5 Seater) - Taxi,22,0,0,22,53,15,0,68
Punjab,2014,Jeep (Total),55,0,0,55,77,17,0,94
Punjab,2014,Jeep - Government,2,0,0,2,3,3,0,6
Punjab,2014,Jeep - Private,53,0,0,53,74,14,0,88
Punjab,2014,Tractor (Total),53,0,0,53,95,20,0,115
Punjab,2014,Three Wheeler/Auto rickshaw (Total),34,0,0,34,55,14,0,69
Punjab,2014,Three Wheeler/Auto rickshaw - Passenger Carriers,22,0,0,22,45,12,0,57
Punjab,2014,Three Wheeler/Auto rickshaw - Goods Carriers,12,0,0,12,10,2,0,12
Punjab,2014,Two Wheeler (Total),562,20,0,582,439,116,0,555
Punjab,2014,Two Wheeler - Motor Cycle,470,10,0,480,315,71,0,386
Punjab,2014,Two Wheeler - Scooter,74,9,0,83,94,30,0,124
Punjab,2014,Two Wheeler - Others,18,1,0,19,30,15,0,45
Punjab,2014,Other Motor Vehicles,78,8,0,86,141,29,0,170
Punjab,2014,Sub Total (Motor Vehicles),1219,65,0,1284,2354,568,0,2922
Punjab,2014,Bicycle,40,2,0,42,42,1,0,43
Punjab,2014,Hand Drawn Vehicle/Cycle rickshaw (Passenger),4,0,0,4,4,0,0,4
Punjab,2014,Animal Drawn Vehicle,1,0,0,1,5,1,0,6
Punjab,2014,Pedestrian,32,8,0,40,136,12,0,148
Punjab,2014,Others,32,0,0,32,88,7,0,95
Punjab,2014,Sub Total - (Bicycle + Hand Drawn Vehicle/Cycle rickshaw (Passenger) + Animal Drawn Vehicle + Pedestrian + Others,109,10,0,119,275,21,0,296
Punjab,2014,Total,1328,75,0,1403,2629,589,0,3218
Rajasthan,2014,Truck/Lorry (Total),377,17,0,394,1703,185,0,1888
Rajasthan,2014,Truck/Lorry - Normal Goods Carriers,176,8,0,184,832,81,0,913
Rajasthan,2014,Truck/Lorry - Trailer/Container Carriers,97,6,0,103,476,64,0,540
Rajasthan,2014,Truck/Lorry - Tankers,40,0,0,40,167,22,0,189
Rajasthan,2014,Truck/Lorry - Others,64,3,0,67,228,18,0,246
Rajasthan,2014,Bus (Total),86,5,0,91,577,115,0,692
Rajasthan,2014,Bus - Government,17,1,0,18,105,12,0,117
Rajasthan,2014,Bus - Private,68,4,0,72,447,93,0,540
Rajasthan,2014,Bus - School Bus,1,0,0,1,25,10,0,35
Rajasthan,2014,SUV (7 & 8 Seater)/Station Wagon/etc. (Total),30,1,0,31,190,44,0,234
Rajasthan,2014,SUV (7 & 8 Seater)/Station Wagon/etc. - Government,0,0,0,0,1,0,0,1
Rajasthan,2014,SUV (7 & 8 Seater)/Station Wagon/etc. - Private,22,0,0,22,154,37,0,191
Rajasthan,2014,SUV (7 & 8 Seater)/Station Wagon/etc. - Taxi,8,1,0,9,35,7,0,42
Rajasthan,2014,Car (4 & 5 Seater) (Total),201,7,0,208,675,172,0,847
Rajasthan,2014,Car (4 & 5 Seater) - Government,0,0,0,0,0,0,0,0
Rajasthan,2014,Car (4 & 5 Seater) - Private,144,7,0,151,581,136,0,717
Rajasthan,2014,Car (4 & 5 Seater) - Taxi,57,0,0,57,94,36,0,130
Rajasthan,2014,Jeep (Total),208,6,0,214,661,140,0,801
Rajasthan,2014,Jeep - Government,0,0,0,0,7,0,0,7
Rajasthan,2014,Jeep - Private,208,6,0,214,654,140,0,794
Rajasthan,2014,Tractor (Total),54,2,0,56,374,62,0,436
Rajasthan,2014,Three Wheeler/Auto rickshaw (Total),32,0,0,32,173,41,0,214
Rajasthan,2014,Three Wheeler/Auto rickshaw - Passenger Carriers,30,0,0,30,146,35,0,181
Rajasthan,2014,Three Wheeler/Auto rickshaw - Goods Carriers,2,0,0,2,27,6,0,33
Rajasthan,2014,Two Wheeler (Total),819,19,0,838,1207,275,0,1482
Rajasthan,2014,Two Wheeler - Motor Cycle,764,12,0,776,1059,244,0,1303
Rajasthan,2014,Two Wheeler - Scooter,39,7,0,46,80,14,0,94
Rajasthan,2014,Two Wheeler - Others,16,0,0,16,68,17,0,85
Rajasthan,2014,Other Motor Vehicles,152,5,0,157,917,125,0,1042
Rajasthan,2014,Sub Total (Motor Vehicles),1959,62,0,2021,6477,1159,0,7636
Rajasthan,2014,Bicycle,12,0,0,12,21,1,0,22
Rajasthan,2014,Hand Drawn Vehicle/Cycle rickshaw (Passenger),0,0,0,0,55,17,0,72
Rajasthan,2014,Animal Drawn Vehicle,0,0,0,0,0,0,0,0
Rajasthan,2014,Pedestrian,65,23,0,88,297,55,0,352
Rajasthan,2014,Others,6,1,0,7,74,3,0,77
Rajasthan,2014,Sub Total - (Bicycle + Hand Drawn Vehicle/Cycle rickshaw (Passenger) + Animal Drawn Vehicle + Pedestrian + Others,83,24,0,107,447,76,0,523
Rajasthan,2014,Total,2042,86,0,2128,6924,1235,0,8159
Sikkim,2014,Truck/Lorry (Total),10,0,0,10,4,0,0,4
Sikkim,2014,Truck/Lorry - Normal Goods Carriers,3,0,0,3,2,0,0,2
Sikkim,2014,Truck/Lorry - Trailer/Container Carriers,0,0,0,0,0,0,0,0
Sikkim,2014,Truck/Lorry - Tankers,1,0,0,1,2,0,0,2
Sikkim,2014,Truck/Lorry - Others,6,0,0,6,0,0,0,0
Sikkim,2014,Bus (Total),0,0,0,0,0,0,0,0
Sikkim,2014,Bus - Government,0,0,0,0,0,0,0,0
Sikkim,2014,Bus - Private,0,0,0,0,0,0,0,0
Sikkim,2014,Bus - School Bus,0,0,0,0,0,0,0,0
Sikkim,2014,SUV (7 & 8 Seater)/Station Wagon/etc. (Total),5,0,0,5,2,6,0,8
Sikkim,2014,SUV (7 & 8 Seater)/Station Wagon/etc. - Government,1,0,0,1,0,0,0,0
Sikkim,2014,SUV (7 & 8 Seater)/Station Wagon/etc. - Private,0,0,0,0,1,0,0,1
Sikkim,2014,SUV (7 & 8 Seater)/Station Wagon/etc. - Taxi,4,0,0,4,1,6,0,7
Sikkim,2014,Car (4 & 5 Seater) (Total),9,3,0,12,9,4,0,13
Sikkim,2014,Car (4 & 5 Seater) - Government,0,0,0,0,0,0,0,0
Sikkim,2014,Car (4 & 5 Seater) - Private,4,1,0,5,2,1,0,3
Sikkim,2014,Car (4 & 5 Seater) - Taxi,5,2,0,7,7,3,0,10
Sikkim,2014,Jeep (Total),0,0,0,0,0,0,0,0
Sikkim,2014,Jeep - Government,0,0,0,0,0,0,0,0
Sikkim,2014,Jeep - Private,0,0,0,0,0,0,0,0
Sikkim,2014,Tractor (Total),0,0,0,0,0,0,0,0
Sikkim,2014,Three Wheeler/Auto rickshaw (Total),0,0,0,0,0,0,0,0
Sikkim,2014,Three Wheeler/Auto rickshaw - Passenger Carriers,0,0,0,0,0,0,0,0
Sikkim,2014,Three Wheeler/Auto rickshaw - Goods Carriers,0,0,0,0,0,0,0,0
Sikkim,2014,Two Wheeler (Total),3,0,0,3,1,0,0,1
Sikkim,2014,Two Wheeler - Motor Cycle,3,0,0,3,1,0,0,1
Sikkim,2014,Two Wheeler - Scooter,0,0,0,0,0,0,0,0
Sikkim,2014,Two Wheeler - Others,0,0,0,0,0,0,0,0
Sikkim,2014,Other Motor Vehicles,1,0,0,1,2,3,0,5
Sikkim,2014,Sub Total (Motor Vehicles),28,3,0,31,18,13,0,31
Sikkim,2014,Bicycle,0,0,0,0,0,0,0,0
Sikkim,2014,Hand Drawn Vehicle/Cycle rickshaw (Passenger),0,0,0,0,0,0,0,0
Sikkim,2014,Animal Drawn Vehicle,0,0,0,0,0,0,0,0
Sikkim,2014,Pedestrian,0,0,0,0,0,0,0,0
Sikkim,2014,Others,0,0,0,0,0,0,0,0
Sikkim,2014,Sub Total - (Bicycle + Hand Drawn Vehicle/Cycle rickshaw (Passenger) + Animal Drawn Vehicle + Pedestrian + Others,0,0,0,0,0,0,0,0
Sikkim,2014,Total,28,3,0,31,18,13,0,31
Tamil Nadu,2014,Truck/Lorry (Total),411,51,0,462,1980,232,0,2212
Tamil Nadu,2014,Truck/Lorry - Normal Goods Carriers,314,43,0,357,880,141,0,1021
Tamil Nadu,2014,Truck/Lorry - Trailer/Container Carriers,19,2,0,21,114,14,0,128
Tamil Nadu,2014,Truck/Lorry - Tankers,20,2,0,22,130,16,0,146
Tamil Nadu,2014,Truck/Lorry - Others,58,4,0,62,856,61,0,917
Tamil Nadu,2014,Bus (Total),233,73,0,306,1401,276,0,1677
Tamil Nadu,2014,Bus - Government,208,34,0,242,820,123,0,943
Tamil Nadu,2014,Bus - Private,16,37,0,53,559,147,0,706
Tamil Nadu,2014,Bus - School Bus,9,2,0,11,22,6,0,28
Tamil Nadu,2014,SUV (7 & 8 Seater)/Station Wagon/etc. (Total),35,4,0,39,341,96,0,437
Tamil Nadu,2014,SUV (7 & 8 Seater)/Station Wagon/etc. - Government,0,0,0,0,8,2,0,10
Tamil Nadu,2014,SUV (7 & 8 Seater)/Station Wagon/etc. - Private,29,4,0,33,275,78,0,353
Tamil Nadu,2014,SUV (7 & 8 Seater)/Station Wagon/etc. - Taxi,6,0,0,6,58,16,0,74
Tamil Nadu,2014,Car (4 & 5 Seater) (Total),668,90,0,758,1554,333,0,1887
Tamil Nadu,2014,Car (4 & 5 Seater) - Government,8,4,0,12,7,3,0,10
Tamil Nadu,2014,Car (4 & 5 Seater) - Private,601,76,0,677,1120,275,0,1395
Tamil Nadu,2014,Car (4 & 5 Seater) - Taxi,59,10,0,69,427,55,0,482
Tamil Nadu,2014,Jeep (Total),102,22,0,124,94,36,0,130
Tamil Nadu,2014,Jeep - Government,11,4,0,15,2,0,0,2
Tamil Nadu,2014,Jeep - Private,91,18,0,109,92,36,0,128
Tamil Nadu,2014,Tractor (Total),33,3,0,36,137,77,0,214
Tamil Nadu,2014,Three Wheeler/Auto rickshaw (Total),74,10,0,84,172,57,0,229
Tamil Nadu,2014,Three Wheeler/Auto rickshaw - Passenger Carriers,52,9,0,61,158,51,0,209
Tamil Nadu,2014,Three Wheeler/Auto rickshaw - Goods Carriers,22,1,0,23,14,6,0,20
Tamil Nadu,2014,Two Wheeler (Total),2011,158,0,2169,2642,575,0,3217
Tamil Nadu,2014,Two Wheeler - Motor Cycle,1607,84,0,1691,1932,366,0,2298
Tamil Nadu,2014,Two Wheeler - Scooter,100,33,0,133,231,57,0,288
Tamil Nadu,2014,Two Wheeler - Others,304,41,0,345,479,152,0,631
Tamil Nadu,2014,Other Motor Vehicles,21,6,0,27,510,5,0,515
Tamil Nadu,2014,Sub Total (Motor Vehicles),3588,417,0,4005,8831,1687,0,10518
Tamil Nadu,2014,Bicycle,5,1,0,6,27,13,0,40
Tamil Nadu,2014,Hand Drawn Vehicle/Cycle rickshaw (Passenger),5,0,0,5,3,0,0,3
Tamil Nadu,2014,Animal Drawn Vehicle,11,0,0,11,11,4,0,15
Tamil Nadu,2014,Pedestrian,71,21,0,92,113,70,0,183
Tamil Nadu,2014,Others,118,60,0,178,132,2,0,134
Tamil Nadu,2014,Sub Total - (Bicycle + Hand Drawn Vehicle/Cycle rickshaw (Passenger) + Animal Drawn Vehicle + Pedestrian + Others,210,82,0,292,286,89,0,375
Tamil Nadu,2014,Total,3798,499,0,4297,9117,1776,0,10893
Telangana,2014,Truck/Lorry (Total),585,71,0,656,753,75,0,828
Telangana,2014,Truck/Lorry - Normal Goods Carriers,217,12,0,229,298,28,0,326
Telangana,2014,Truck/Lorry - Trailer/Container Carriers,20,0,0,20,46,6,0,52
Telangana,2014,Truck/Lorry - Tankers,60,9,0,69,53,12,0,65
Telangana,2014,Truck/Lorry - Others,288,50,0,338,356,29,0,385
Telangana,2014,Bus (Total),193,52,0,245,336,62,0,398
Telangana,2014,Bus - Government,133,34,0,167,244,45,0,289
Telangana,2014,Bus - Private,42,10,0,52,84,15,0,99
Telangana,2014,Bus - School Bus,18,8,0,26,8,2,0,10
Telangana,2014,SUV (7 & 8 Seater)/Station Wagon/etc. (Total),5,2,0,7,142,27,0,169
Telangana,2014,SUV (7 & 8 Seater)/Station Wagon/etc. - Government,0,1,0,1,1,0,0,1
Telangana,2014,SUV (7 & 8 Seater)/Station Wagon/etc. - Private,2,0,0,2,135,23,0,158
Telangana,2014,SUV (7 & 8 Seater)/Station Wagon/etc. - Taxi,3,1,0,4,6,4,0,10
Telangana,2014,Car (4 & 5 Seater) (Total),245,64,0,309,379,67,0,446
Telangana,2014,Car (4 & 5 Seater) - Government,7,0,0,7,16,4,0,20
Telangana,2014,Car (4 & 5 Seater) - Private,224,58,0,282,325,57,0,382
Telangana,2014,Car (4 & 5 Seater) - Taxi,14,6,0,20,38,6,0,44
Telangana,2014,Jeep (Total),56,15,0,71,126,28,0,154
Telangana,2014,Jeep - Government,2,0,0,2,3,0,0,3
Telangana,2014,Jeep - Private,54,15,0,69,123,28,0,151
Telangana,2014,Tractor (Total),96,20,0,116,101,16,0,117
Telangana,2014,Three Wheeler/Auto rickshaw (Total),208,45,0,253,315,64,0,379
Telangana,2014,Three Wheeler/Auto rickshaw - Passenger Carriers,184,41,0,225,289,62,0,351
Telangana,2014,Three Wheeler/Auto rickshaw - Goods Carriers,24,4,0,28,26,2,0,28
Telangana,2014,Two Wheeler (Total),591,73,0,664,743,91,0,834
Telangana,2014,Two Wheeler - Motor Cycle,526,61,0,587,695,82,0,777
Telangana,2014,Two Wheeler - Scooter,52,10,0,62,42,8,0,50
Telangana,2014,Two Wheeler - Others,13,2,0,15,6,1,0,7
Telangana,2014,Other Motor Vehicles,329,54,0,383,435,22,0,457
Telangana,2014,Sub Total (Motor Vehicles),2308,396,0,2704,3330,452,0,3782
Telangana,2014,Bicycle,11,1,0,12,11,0,0,11
Telangana,2014,Hand Drawn Vehicle/Cycle rickshaw (Passenger),0,0,0,0,1,0,0,1
Telangana,2014,Animal Drawn Vehicle,0,0,0,0,0,0,0,0
Telangana,2014,Pedestrian,4,1,0,5,75,16,0,91
Telangana,2014,Others,86,89,0,175,97,28,0,125
Telangana,2014,Sub Total - (Bicycle + Hand Drawn Vehicle/Cycle rickshaw (Passenger) + Animal Drawn Vehicle + Pedestrian + Others,101,91,0,192,184,44,0,228
Telangana,2014,Total,2409,487,0,2896,3514,496,0,4010
Tripura,2014,Truck/Lorry (Total),4,0,0,4,29,4,0,33
Tripura,2014,Truck/Lorry - Normal Goods Carriers,4,0,0,4,17,4,0,21
Tripura,2014,Truck/Lorry - Trailer/Container Carriers,0,0,0,0,0,0,0,0
Tripura,2014,Truck/Lorry - Tankers,0,0,0,0,0,0,0,0
Tripura,2014,Truck/Lorry - Others,0,0,0,0,12,0,0,12
Tripura,2014,Bus (Total),2,0,0,2,6,2,0,8
Tripura,2014,Bus - Government,0,0,0,0,0,0,0,0
Tripura,2014,Bus - Private,2,0,0,2,6,2,0,8
Tripura,2014,Bus - School Bus,0,0,0,0,0,0,0,0
Tripura,2014,SUV (7 & 8 Seater)/Station Wagon/etc. (Total),0,0,0,0,0,0,0,0
Tripura,2014,SUV (7 & 8 Seater)/Station Wagon/etc. - Government,0,0,0,0,0,0,0,0
Tripura,2014,SUV (7 & 8 Seater)/Station Wagon/etc. - Private,0,0,0,0,0,0,0,0
Tripura,2014,SUV (7 & 8 Seater)/Station Wagon/etc. - Taxi,0,0,0,0,0,0,0,0
Tripura,2014,Car (4 & 5 Seater) (Total),1,0,0,1,15,3,0,18
Tripura,2014,Car (4 & 5 Seater) - Government,0,0,0,0,0,0,0,0
Tripura,2014,Car (4 & 5 Seater) - Private,1,0,0,1,14,3,0,17
Tripura,2014,Car (4 & 5 Seater) - Taxi,0,0,0,0,1,0,0,1
Tripura,2014,Jeep (Total),0,0,0,0,25,4,0,29
Tripura,2014,Jeep - Government,0,0,0,0,0,0,0,0
Tripura,2014,Jeep - Private,0,0,0,0,25,4,0,29
Tripura,2014,Tractor (Total),0,0,0,0,0,0,0,0
Tripura,2014,Three Wheeler/Auto rickshaw (Total),2,0,0,2,12,3,0,15
Tripura,2014,Three Wheeler/Auto rickshaw - Passenger Carriers,2,0,0,2,12,3,0,15
Tripura,2014,Three Wheeler/Auto rickshaw - Goods Carriers,0,0,0,0,0,0,0,0
Tripura,2014,Two Wheeler (Total),16,0,0,16,16,5,0,21
Tripura,2014,Two Wheeler - Motor Cycle,14,0,0,14,16,4,0,20
Tripura,2014,Two Wheeler - Scooter,2,0,0,2,0,1,0,1
Tripura,2014,Two Wheeler - Others,0,0,0,0,0,0,0,0
Tripura,2014,Other Motor Vehicles,1,0,0,1,19,1,0,20
Tripura,2014,Sub Total (Motor Vehicles),26,0,0,26,122,22,0,144
Tripura,2014,Bicycle,1,0,0,1,0,0,0,0
Tripura,2014,Hand Drawn Vehicle/Cycle rickshaw (Passenger),0,0,0,0,0,0,0,0
Tripura,2014,Animal Drawn Vehicle,0,0,0,0,0,0,0,0
Tripura,2014,Pedestrian,3,0,0,3,6,2,0,8
Tripura,2014,Others,2,0,0,2,1,3,0,4
Tripura,2014,Sub Total - (Bicycle + Hand Drawn Vehicle/Cycle rickshaw (Passenger) + Animal Drawn Vehicle + Pedestrian + Others,6,0,0,6,7,5,0,12
Tripura,2014,Total,32,0,0,32,129,27,0,156
Uttar Pradesh,2014,Truck/Lorry (Total),612,95,0,707,3727,589,6,4322
Uttar Pradesh,2014,Truck/Lorry - Normal Goods Carriers,239,45,0,284,1903,283,4,2190
Uttar Pradesh,2014,Truck/Lorry - Trailer/Container Carriers,59,5,0,64,501,68,2,571
Uttar Pradesh,2014,Truck/Lorry - Tankers,98,6,0,104,275,40,0,315
Uttar Pradesh,2014,Truck/Lorry - Others,216,39,0,255,1048,198,0,1246
Uttar Pradesh,2014,Bus (Total),187,26,0,213,1223,234,0,1457
Uttar Pradesh,2014,Bus - Government,50,6,0,56,360,65,0,425
Uttar Pradesh,2014,Bus - Private,131,20,0,151,800,160,0,960
Uttar Pradesh,2014,Bus - School Bus,6,0,0,6,63,9,0,72
Uttar Pradesh,2014,SUV (7 & 8 Seater)/Station Wagon/etc. (Total),77,21,0,98,461,98,0,559
Uttar Pradesh,2014,SUV (7 & 8 Seater)/Station Wagon/etc. - Government,2,0,0,2,14,0,0,14
Uttar Pradesh,2014,SUV (7 & 8 Seater)/Station Wagon/etc. - Private,65,17,0,82,283,62,0,345
Uttar Pradesh,2014,SUV (7 & 8 Seater)/Station Wagon/etc. - Taxi,10,4,0,14,164,36,0,200
Uttar Pradesh,2014,Car (4 & 5 Seater) (Total),193,20,0,213,1174,227,0,1401
Uttar Pradesh,2014,Car (4 & 5 Seater) - Government,9,0,0,9,74,16,0,90
Uttar Pradesh,2014,Car (4 & 5 Seater) - Private,160,18,0,178,904,180,0,1084
Uttar Pradesh,2014,Car (4 & 5 Seater) - Taxi,24,2,0,26,196,31,0,227
Uttar Pradesh,2014,Jeep (Total),124,32,0,156,590,99,0,689
Uttar Pradesh,2014,Jeep - Government,14,2,0,16,44,13,0,57
Uttar Pradesh,2014,Jeep - Private,110,30,0,140,546,86,0,632
Uttar Pradesh,2014,Tractor (Total),89,11,0,100,488,92,1,581
Uttar Pradesh,2014,Three Wheeler/Auto rickshaw (Total),67,13,0,80,762,127,8,897
Uttar Pradesh,2014,Three Wheeler/Auto rickshaw - Passenger Carriers,56,13,0,69,612,92,6,710
Uttar Pradesh,2014,Three Wheeler/Auto rickshaw - Goods Carriers,11,0,0,11,150,35,2,187
Uttar Pradesh,2014,Two Wheeler (Total),434,74,0,508,2068,426,0,2494
Uttar Pradesh,2014,Two Wheeler - Motor Cycle,410,65,0,475,1771,350,0,2121
Uttar Pradesh,2014,Two Wheeler - Scooter,7,5,0,12,37,18,0,55
Uttar Pradesh,2014,Two Wheeler - Others,17,4,0,21,260,58,0,318
Uttar Pradesh,2014,Other Motor Vehicles,75,16,0,91,464,91,0,555
Uttar Pradesh,2014,Sub Total (Motor Vehicles),1858,308,0,2166,10957,1983,15,12955
Uttar Pradesh,2014,Bicycle,9,4,0,13,110,15,0,125
Uttar Pradesh,2014,Hand Drawn Vehicle/Cycle rickshaw (Passenger),1,0,0,1,19,2,0,21
Uttar Pradesh,2014,Animal Drawn Vehicle,1,0,0,1,26,7,0,33
Uttar Pradesh,2014,Pedestrian,17,4,0,21,155,29,0,184
Uttar Pradesh,2014,Others,165,34,0,199,451,114,0,565
Uttar Pradesh,2014,Sub Total - (Bicycle + Hand Drawn Vehicle/Cycle rickshaw (Passenger) + Animal Drawn Vehicle + Pedestrian + Others,193,42,0,235,761,167,0,928
Uttar Pradesh,2014,Total,2051,350,0,2401,11718,2150,15,13883
Uttarakhand,2014,Truck/Lorry (Total),5,0,0,5,71,11,0,82
Uttarakhand,2014,Truck/Lorry - Normal Goods Carriers,5,0,0,5,71,11,0,82
Uttarakhand,2014,Truck/Lorry - Trailer/Container Carriers,0,0,0,0,0,0,0,0
Uttarakhand,2014,Truck/Lorry - Tankers,0,0,0,0,0,0,0,0
Uttarakhand,2014,Truck/Lorry - Others,0,0,0,0,0,0,0,0
Uttarakhand,2014,Bus (Total),17,0,0,17,80,5,0,85
Uttarakhand,2014,Bus - Government,0,0,0,0,0,0,0,0
Uttarakhand,2014,Bus - Private,17,0,0,17,80,5,0,85
Uttarakhand,2014,Bus - School Bus,0,0,0,0,0,0,0,0
Uttarakhand,2014,SUV (7 & 8 Seater)/Station Wagon/etc. (Total),0,0,0,0,0,0,0,0
Uttarakhand,2014,SUV (7 & 8 Seater)/Station Wagon/etc. - Government,0,0,0,0,0,0,0,0
Uttarakhand,2014,SUV (7 & 8 Seater)/Station Wagon/etc. - Private,0,0,0,0,0,0,0,0
Uttarakhand,2014,SUV (7 & 8 Seater)/Station Wagon/etc. - Taxi,0,0,0,0,0,0,0,0
Uttarakhand,2014,Car (4 & 5 Seater) (Total),30,10,0,40,96,14,0,110
Uttarakhand,2014,Car (4 & 5 Seater) - Government,0,0,0,0,0,0,0,0
Uttarakhand,2014,Car (4 & 5 Seater) - Private,22,7,0,29,61,9,0,70
Uttarakhand,2014,Car (4 & 5 Seater) - Taxi,8,3,0,11,35,5,0,40
Uttarakhand,2014,Jeep (Total),11,0,0,11,15,5,0,20
Uttarakhand,2014,Jeep - Government,0,0,0,0,0,0,0,0
Uttarakhand,2014,Jeep - Private,11,0,0,11,15,5,0,20
Uttarakhand,2014,Tractor (Total),6,0,0,6,19,1,0,20
Uttarakhand,2014,Three Wheeler/Auto rickshaw (Total),4,0,0,4,12,0,0,12
Uttarakhand,2014,Three Wheeler/Auto rickshaw - Passenger Carriers,2,0,0,2,6,0,0,6
Uttarakhand,2014,Three Wheeler/Auto rickshaw - Goods Carriers,2,0,0,2,6,0,0,6
Uttarakhand,2014,Two Wheeler (Total),16,10,0,26,11,7,0,18
Uttarakhand,2014,Two Wheeler - Motor Cycle,16,10,0,26,11,7,0,18
Uttarakhand,2014,Two Wheeler - Scooter,0,0,0,0,0,0,0,0
Uttarakhand,2014,Two Wheeler - Others,0,0,0,0,0,0,0,0
Uttarakhand,2014,Other Motor Vehicles,22,0,0,22,2,0,0,2
Uttarakhand,2014,Sub Total (Motor Vehicles),111,20,0,131,306,43,0,349
Uttarakhand,2014,Bicycle,0,0,0,0,0,0,0,0
Uttarakhand,2014,Hand Drawn Vehicle/Cycle rickshaw (Passenger),0,0,0,0,0,0,0,0
Uttarakhand,2014,Animal Drawn Vehicle,0,0,0,0,0,0,0,0
Uttarakhand,2014,Pedestrian,5,0,0,5,0,0,0,0
Uttarakhand,2014,Others,22,0,0,22,0,0,0,0
Uttarakhand,2014,Sub Total - (Bicycle + Hand Drawn Vehicle/Cycle rickshaw (Passenger) + Animal Drawn Vehicle + Pedestrian + Others,27,0,0,27,0,0,0,0
Uttarakhand,2014,Total,138,20,0,158,306,43,0,349
West Bengal,2014,Truck/Lorry (Total),360,0,0,360,1090,239,0,1329
West Bengal,2014,Truck/Lorry - Normal Goods Carriers,271,0,0,271,522,116,0,638
West Bengal,2014,Truck/Lorry - Trailer/Container Carriers,10,0,0,10,47,6,0,53
West Bengal,2014,Truck/Lorry - Tankers,5,0,0,5,22,3,0,25
West Bengal,2014,Truck/Lorry - Others,74,0,0,74,499,114,0,613
West Bengal,2014,Bus (Total),120,0,0,120,441,98,0,539
West Bengal,2014,Bus - Government,3,0,0,3,18,5,0,23
West Bengal,2014,Bus - Private,117,0,0,117,417,93,0,510
West Bengal,2014,Bus - School Bus,0,0,0,0,6,0,0,6
West Bengal,2014,SUV (7 & 8 Seater)/Station Wagon/etc. (Total),54,0,0,54,75,22,0,97
West Bengal,2014,SUV (7 & 8 Seater)/Station Wagon/etc. - Government,0,0,0,0,0,0,0,0
West Bengal,2014,SUV (7 & 8 Seater)/Station Wagon/etc. - Private,54,0,0,54,73,21,0,94
West Bengal,2014,SUV (7 & 8 Seater)/Station Wagon/etc. - Taxi,0,0,0,0,2,1,0,3
West Bengal,2014,Car (4 & 5 Seater) (Total),125,5,0,130,399,101,0,500
West Bengal,2014,Car (4 & 5 Seater) - Government,1,0,0,1,3,0,0,3
West Bengal,2014,Car (4 & 5 Seater) - Private,123,5,0,128,362,83,0,445
West Bengal,2014,Car (4 & 5 Seater) - Taxi,1,0,0,1,34,18,0,52
West Bengal,2014,Jeep (Total),13,0,0,13,70,22,0,92
West Bengal,2014,Jeep - Government,2,0,0,2,2,0,0,2
West Bengal,2014,Jeep - Private,11,0,0,11,68,22,0,90
West Bengal,2014,Tractor (Total),20,0,0,20,76,10,0,86
West Bengal,2014,Three Wheeler/Auto rickshaw (Total),13,0,0,13,94,28,0,122
West Bengal,2014,Three Wheeler/Auto rickshaw - Passenger Carriers,10,0,0,10,77,18,0,95
West Bengal,2014,Three Wheeler/Auto rickshaw - Goods Carriers,3,0,0,3,17,10,0,27
West Bengal,2014,Two Wheeler (Total),405,18,0,423,665,166,0,831
West Bengal,2014,Two Wheeler - Motor Cycle,362,16,0,378,637,145,0,782
West Bengal,2014,Two Wheeler - Scooter,16,0,0,16,9,17,0,26
West Bengal,2014,Two Wheeler - Others,27,2,0,29,19,4,0,23
West Bengal,2014,Other Motor Vehicles,216,11,0,227,387,97,0,484
West Bengal,2014,Sub Total (Motor Vehicles),1326,34,0,1360,3297,783,0,4080
West Bengal,2014,Bicycle,34,6,0,40,72,2,0,74
West Bengal,2014,Hand Drawn Vehicle/Cycle rickshaw (Passenger),0,0,0,0,0,0,0,0
West Bengal,2014,Animal Drawn Vehicle,0,0,0,0,0,0,0,0
West Bengal,2014,Pedestrian,65,52,0,117,355,83,0,438
West Bengal,2014,Others,49,64,0,113,210,46,0,256
West Bengal,2014,Sub Total - (Bicycle + Hand Drawn Vehicle/Cycle rickshaw (Passenger) + Animal Drawn Vehicle + Pedestrian + Others,148,122,0,270,637,131,0,768
West Bengal,2014,Total,1474,156,0,1630,3934,914,0,4848
A & N Islands,2014,Truck/Lorry (Total),0,0,0,0,0,0,0,0
A & N Islands,2014,Truck/Lorry - Normal Goods Carriers,0,0,0,0,0,0,0,0
A & N Islands,2014,Truck/Lorry - Trailer/Container Carriers,0,0,0,0,0,0,0,0
A & N Islands,2014,Truck/Lorry - Tankers,0,0,0,0,0,0,0,0
A & N Islands,2014,Truck/Lorry - Others,0,0,0,0,0,0,0,0
A & N Islands,2014,Bus (Total),0,0,0,0,0,1,0,1
A & N Islands,2014,Bus - Government,0,0,0,0,0,0,0,0
A & N Islands,2014,Bus - Private,0,0,0,0,0,1,0,1
A & N Islands,2014,Bus - School Bus,0,0,0,0,0,0,0,0
A & N Islands,2014,SUV (7 & 8 Seater)/Station Wagon/etc. (Total),0,0,0,0,0,0,0,0
A & N Islands,2014,SUV (7 & 8 Seater)/Station Wagon/etc. - Government,0,0,0,0,0,0,0,0
A & N Islands,2014,SUV (7 & 8 Seater)/Station Wagon/etc. - Private,0,0,0,0,0,0,0,0
A & N Islands,2014,SUV (7 & 8 Seater)/Station Wagon/etc. - Taxi,0,0,0,0,0,0,0,0
A & N Islands,2014,Car (4 & 5 Seater) (Total),1,0,0,1,0,1,0,1
A & N Islands,2014,Car (4 & 5 Seater) - Government,0,0,0,0,0,0,0,0
A & N Islands,2014,Car (4 & 5 Seater) - Private,1,0,0,1,0,1,0,1
A & N Islands,2014,Car (4 & 5 Seater) - Taxi,0,0,0,0,0,0,0,0
A & N Islands,2014,Jeep (Total),0,0,0,0,0,0,0,0
A & N Islands,2014,Jeep - Government,0,0,0,0,0,0,0,0
A & N Islands,2014,Jeep - Private,0,0,0,0,0,0,0,0
A & N Islands,2014,Tractor (Total),0,0,0,0,0,0,0,0
A & N Islands,2014,Three Wheeler/Auto rickshaw (Total),0,0,0,0,1,0,0,1
A & N Islands,2014,Three Wheeler/Auto rickshaw - Passenger Carriers,0,0,0,0,1,0,0,1
A & N Islands,2014,Three Wheeler/Auto rickshaw - Goods Carriers,0,0,0,0,0,0,0,0
A & N Islands,2014,Two Wheeler (Total),7,0,0,7,2,0,0,2
A & N Islands,2014,Two Wheeler - Motor Cycle,6,0,0,6,2,0,0,2
A & N Islands,2014,Two Wheeler - Scooter,0,0,0,0,0,0,0,0
A & N Islands,2014,Two Wheeler - Others,1,0,0,1,0,0,0,0
A & N Islands,2014,Other Motor Vehicles,0,0,0,0,0,0,0,0
A & N Islands,2014,Sub Total (Motor Vehicles),8,0,0,8,3,2,0,5
A & N Islands,2014,Bicycle,0,0,0,0,0,0,0,0
A & N Islands,2014,Hand Drawn Vehicle/Cycle rickshaw (Passenger),0,0,0,0,0,0,0,0
A & N Islands,2014,Animal Drawn Vehicle,0,0,0,0,0,0,0,0
A & N Islands,2014,Pedestrian,0,0,0,0,10,0,0,10
A & N Islands,2014,Others,0,0,0,0,0,0,0,0
A & N Islands,2014,Sub Total - (Bicycle + Hand Drawn Vehicle/Cycle rickshaw (Passenger) + Animal Drawn Vehicle + Pedestrian + Others,0,0,0,0,10,0,0,10
A & N Islands,2014,Total,8,0,0,8,13,2,0,15
Chandigarh,2014,Truck/Lorry (Total),0,0,0,0,0,0,0,0
Chandigarh,2014,Truck/Lorry - Normal Goods Carriers,0,0,0,0,0,0,0,0
Chandigarh,2014,Truck/Lorry - Trailer/Container Carriers,0,0,0,0,0,0,0,0
Chandigarh,2014,Truck/Lorry - Tankers,0,0,0,0,0,0,0,0
Chandigarh,2014,Truck/Lorry - Others,0,0,0,0,0,0,0,0
Chandigarh,2014,Bus (Total),0,0,0,0,3,0,0,3
Chandigarh,2014,Bus - Government,0,0,0,0,3,0,0,3
Chandigarh,2014,Bus - Private,0,0,0,0,0,0,0,0
Chandigarh,2014,Bus - School Bus,0,0,0,0,0,0,0,0
Chandigarh,2014,SUV (7 & 8 Seater)/Station Wagon/etc. (Total),0,0,0,0,0,0,0,0
Chandigarh,2014,SUV (7 & 8 Seater)/Station Wagon/etc. - Government,0,0,0,0,0,0,0,0
Chandigarh,2014,SUV (7 & 8 Seater)/Station Wagon/etc. - Private,0,0,0,0,0,0,0,0
Chandigarh,2014,SUV (7 & 8 Seater)/Station Wagon/etc. - Taxi,0,0,0,0,0,0,0,0
Chandigarh,2014,Car (4 & 5 Seater) (Total),3,0,0,3,2,0,0,2
Chandigarh,2014,Car (4 & 5 Seater) - Government,0,0,0,0,0,0,0,0
Chandigarh,2014,Car (4 & 5 Seater) - Private,3,0,0,3,2,0,0,2
Chandigarh,2014,Car (4 & 5 Seater) - Taxi,0,0,0,0,0,0,0,0
Chandigarh,2014,Jeep (Total),0,0,0,0,0,0,0,0
Chandigarh,2014,Jeep - Government,0,0,0,0,0,0,0,0
Chandigarh,2014,Jeep - Private,0,0,0,0,0,0,0,0
Chandigarh,2014,Tractor (Total),0,0,0,0,0,0,0,0
Chandigarh,2014,Three Wheeler/Auto rickshaw (Total),0,0,0,0,5,1,0,6
Chandigarh,2014,Three Wheeler/Auto rickshaw - Passenger Carriers,0,0,0,0,5,1,0,6
Chandigarh,2014,Three Wheeler/Auto rickshaw - Goods Carriers,0,0,0,0,0,0,0,0
Chandigarh,2014,Two Wheeler (Total),1,0,0,1,41,9,0,50
Chandigarh,2014,Two Wheeler - Motor Cycle,1,0,0,1,26,2,0,28
Chandigarh,2014,Two Wheeler - Scooter,0,0,0,0,15,7,0,22
Chandigarh,2014,Two Wheeler - Others,0,0,0,0,0,0,0,0
Chandigarh,2014,Other Motor Vehicles,0,0,0,0,0,0,0,0
Chandigarh,2014,Sub Total (Motor Vehicles),4,0,0,4,51,10,0,61
Chandigarh,2014,Bicycle,1,0,0,1,15,1,0,16
Chandigarh,2014,Hand Drawn Vehicle/Cycle rickshaw (Passenger),0,0,0,0,0,1,0,1
Chandigarh,2014,Animal Drawn Vehicle,0,0,0,0,0,0,0,0
Chandigarh,2014,Pedestrian,0,0,0,0,40,6,0,46
Chandigarh,2014,Others,0,0,0,0,2,0,0,2
Chandigarh,2014,Sub Total - (Bicycle + Hand Drawn Vehicle/Cycle rickshaw (Passenger) + Animal Drawn Vehicle + Pedestrian + Others,1,0,0,1,57,8,0,65
Chandigarh,2014,Total,5,0,0,5,108,18,0,126
D&N Haveli,2014,Truck/Lorry (Total),13,3,0,16,1,0,0,1
D&N Haveli,2014,Truck/Lorry - Normal Goods Carriers,13,3,0,16,1,0,0,1
D&N Haveli,2014,Truck/Lorry - Trailer/Container Carriers,0,0,0,0,0,0,0,0
D&N Haveli,2014,Truck/Lorry - Tankers,0,0,0,0,0,0,0,0
D&N Haveli,2014,Truck/Lorry - Others,0,0,0,0,0,0,0,0
D&N Haveli,2014,Bus (Total),2,0,0,2,1,1,0,2
D&N Haveli,2014,Bus - Government,1,0,0,1,0,0,0,0
D&N Haveli,2014,Bus - Private,1,0,0,1,1,1,0,2
D&N Haveli,2014,Bus - School Bus,0,0,0,0,0,0,0,0
D&N Haveli,2014,SUV (7 & 8 Seater)/Station Wagon/etc. (Total),0,0,0,0,0,0,0,0
D&N Haveli,2014,SUV (7 & 8 Seater)/Station Wagon/etc. - Government,0,0,0,0,0,0,0,0
D&N Haveli,2014,SUV (7 & 8 Seater)/Station Wagon/etc. - Private,0,0,0,0,0,0,0,0
D&N Haveli,2014,SUV (7 & 8 Seater)/Station Wagon/etc. - Taxi,0,0,0,0,0,0,0,0
D&N Haveli,2014,Car (4 & 5 Seater) (Total),2,0,0,2,0,0,0,0
D&N Haveli,2014,Car (4 & 5 Seater) - Government,0,0,0,0,0,0,0,0
D&N Haveli,2014,Car (4 & 5 Seater) - Private,0,0,0,0,0,0,0,0
D&N Haveli,2014,Car (4 & 5 Seater) - Taxi,2,0,0,2,0,0,0,0
D&N Haveli,2014,Jeep (Total),3,1,0,4,0,0,0,0
D&N Haveli,2014,Jeep - Government,0,0,0,0,0,0,0,0
D&N Haveli,2014,Jeep - Private,3,1,0,4,0,0,0,0
D&N Haveli,2014,Tractor (Total),1,0,0,1,0,0,0,0
D&N Haveli,2014,Three Wheeler/Auto rickshaw (Total),1,0,0,1,0,1,0,1
D&N Haveli,2014,Three Wheeler/Auto rickshaw - Passenger Carriers,1,0,0,1,0,1,0,1
D&N Haveli,2014,Three Wheeler/Auto rickshaw - Goods Carriers,0,0,0,0,0,0,0,0
D&N Haveli,2014,Two Wheeler (Total),6,2,0,8,5,1,0,6
D&N Haveli,2014,Two Wheeler - Motor Cycle,6,2,0,8,5,1,0,6
D&N Haveli,2014,Two Wheeler - Scooter,0,0,0,0,0,0,0,0
D&N Haveli,2014,Two Wheeler - Others,0,0,0,0,0,0,0,0
D&N Haveli,2014,Other Motor Vehicles,10,3,0,13,1,1,0,2
D&N Haveli,2014,Sub Total (Motor Vehicles),38,9,0,47,8,4,0,12
D&N Haveli,2014,Bicycle,0,0,0,0,0,0,0,0
D&N Haveli,2014,Hand Drawn Vehicle/Cycle rickshaw (Passenger),0,0,0,0,0,0,0,0
D&N Haveli,2014,Animal Drawn Vehicle,0,0,0,0,0,0,0,0
D&N Haveli,2014,Pedestrian,0,0,0,0,0,0,0,0
D&N Haveli,2014,Others,0,0,0,0,0,0,0,0
D&N Haveli,2014,Sub Total - (Bicycle + Hand Drawn Vehicle/Cycle rickshaw (Passenger) + Animal Drawn Vehicle + Pedestrian + Others,0,0,0,0,0,0,0,0
D&N Haveli,2014,Total,38,9,0,47,8,4,0,12
Daman & Diu,2014,Truck/Lorry (Total),0,0,0,0,3,0,0,3
Daman & Diu,2014,Truck/Lorry - Normal Goods Carriers,0,0,0,0,3,0,0,3
Daman & Diu,2014,Truck/Lorry - Trailer/Container Carriers,0,0,0,0,0,0,0,0
Daman & Diu,2014,Truck/Lorry - Tankers,0,0,0,0,0,0,0,0
Daman & Diu,2014,Truck/Lorry - Others,0,0,0,0,0,0,0,0
Daman & Diu,2014,Bus (Total),0,0,0,0,1,0,0,1
Daman & Diu,2014,Bus - Government,0,0,0,0,0,0,0,0
Daman & Diu,2014,Bus - Private,0,0,0,0,1,0,0,1
Daman & Diu,2014,Bus - School Bus,0,0,0,0,0,0,0,0
Daman & Diu,2014,SUV (7 & 8 Seater)/Station Wagon/etc. (Total),0,0,0,0,0,0,0,0
Daman & Diu,2014,SUV (7 & 8 Seater)/Station Wagon/etc. - Government,0,0,0,0,0,0,0,0
Daman & Diu,2014,SUV (7 & 8 Seater)/Station Wagon/etc. - Private,0,0,0,0,0,0,0,0
Daman & Diu,2014,SUV (7 & 8 Seater)/Station Wagon/etc. - Taxi,0,0,0,0,0,0,0,0
Daman & Diu,2014,Car (4 & 5 Seater) (Total),0,0,0,0,0,0,0,0
Daman & Diu,2014,Car (4 & 5 Seater) - Government,0,0,0,0,0,0,0,0
Daman & Diu,2014,Car (4 & 5 Seater) - Private,0,0,0,0,0,0,0,0
Daman & Diu,2014,Car (4 & 5 Seater) - Taxi,0,0,0,0,0,0,0,0
Daman & Diu,2014,Jeep (Total),0,0,0,0,0,0,0,0
Daman & Diu,2014,Jeep - Government,0,0,0,0,0,0,0,0
Daman & Diu,2014,Jeep - Private,0,0,0,0,0,0,0,0
Daman & Diu,2014,Tractor (Total),0,0,0,0,0,0,0,0
Daman & Diu,2014,Three Wheeler/Auto rickshaw (Total),0,0,0,0,1,0,0,1
Daman & Diu,2014,Three Wheeler/Auto rickshaw - Passenger Carriers,0,0,0,0,0,0,0,0
Daman & Diu,2014,Three Wheeler/Auto rickshaw - Goods Carriers,0,0,0,0,1,0,0,1
Daman & Diu,2014,Two Wheeler (Total),0,0,0,0,7,1,0,8
Daman & Diu,2014,Two Wheeler - Motor Cycle,0,0,0,0,7,1,0,8
Daman & Diu,2014,Two Wheeler - Scooter,0,0,0,0,0,0,0,0
Daman & Diu,2014,Two Wheeler - Others,0,0,0,0,0,0,0,0
Daman & Diu,2014,Other Motor Vehicles,0,0,0,0,0,0,0,0
Daman & Diu,2014,Sub Total (Motor Vehicles),0,0,0,0,12,1,0,13
Daman & Diu,2014,Bicycle,0,0,0,0,0,0,0,0
Daman & Diu,2014,Hand Drawn Vehicle/Cycle rickshaw (Passenger),0,0,0,0,0,0,0,0
Daman & Diu,2014,Animal Drawn Vehicle,0,0,0,0,0,0,0,0
Daman & Diu,2014,Pedestrian,0,0,0,0,0,2,0,2
Daman & Diu,2014,Others,0,0,0,0,0,0,0,0
Daman & Diu,2014,Sub Total - (Bicycle + Hand Drawn Vehicle/Cycle rickshaw (Passenger) + Animal Drawn Vehicle + Pedestrian + Others,0,0,0,0,0,2,0,2
Daman & Diu,2014,Total,0,0,0,0,12,3,0,15
Delhi UT,2014,Truck/Lorry (Total),4,0,0,4,302,29,0,331
Delhi UT,2014,Truck/Lorry - Normal Goods Carriers,3,0,0,3,146,9,0,155
Delhi UT,2014,Truck/Lorry - Trailer/Container Carriers,0,0,0,0,36,1,0,37
Delhi UT,2014,Truck/Lorry - Tankers,0,0,0,0,17,4,0,21
Delhi UT,2014,Truck/Lorry - Others,1,0,0,1,103,15,0,118
Delhi UT,2014,Bus (Total),3,0,0,3,101,16,0,117
Delhi UT,2014,Bus - Government,2,0,0,2,59,9,0,68
Delhi UT,2014,Bus - Private,1,0,0,1,37,7,0,44
Delhi UT,2014,Bus - School Bus,0,0,0,0,5,0,0,5
Delhi UT,2014,SUV (7 & 8 Seater)/Station Wagon/etc. (Total),0,0,0,0,38,4,0,42
Delhi UT,2014,SUV (7 & 8 Seater)/Station Wagon/etc. - Government,0,0,0,0,3,1,0,4
Delhi UT,2014,SUV (7 & 8 Seater)/Station Wagon/etc. - Private,0,0,0,0,32,3,0,35
Delhi UT,2014,SUV (7 & 8 Seater)/Station Wagon/etc. - Taxi,0,0,0,0,3,0,0,3
Delhi UT,2014,Car (4 & 5 Seater) (Total),8,1,0,9,294,40,0,334
Delhi UT,2014,Car (4 & 5 Seater) - Government,0,0,0,0,2,0,0,2
Delhi UT,2014,Car (4 & 5 Seater) - Private,8,1,0,9,276,39,0,315
Delhi UT,2014,Car (4 & 5 Seater) - Taxi,0,0,0,0,16,1,0,17
Delhi UT,2014,Jeep (Total),1,0,0,1,9,0,0,9
Delhi UT,2014,Jeep - Government,0,0,0,0,0,0,0,0
Delhi UT,2014,Jeep - Private,1,0,0,1,9,0,0,9
Delhi UT,2014,Tractor (Total),0,0,0,0,9,1,0,10
Delhi UT,2014,Three Wheeler/Auto rickshaw (Total),0,0,0,0,71,9,0,80
Delhi UT,2014,Three Wheeler/Auto rickshaw - Passenger Carriers,0,0,0,0,55,8,0,63
Delhi UT,2014,Three Wheeler/Auto rickshaw - Goods Carriers,0,0,0,0,16,1,0,17
Delhi UT,2014,Two Wheeler (Total),30,2,0,32,252,24,0,276
Delhi UT,2014,Two Wheeler - Motor Cycle,28,2,0,30,171,18,0,189
Delhi UT,2014,Two Wheeler - Scooter,1,0,0,1,44,4,0,48
Delhi UT,2014,Two Wheeler - Others,1,0,0,1,37,2,0,39
Delhi UT,2014,Other Motor Vehicles,0,0,0,0,191,12,0,203
Delhi UT,2014,Sub Total (Motor Vehicles),46,3,0,49,1267,135,0,1402
Delhi UT,2014,Bicycle,0,0,0,0,5,0,0,5
Delhi UT,2014,Hand Drawn Vehicle/Cycle rickshaw (Passenger),0,0,0,0,0,0,0,0
Delhi UT,2014,Animal Drawn Vehicle,0,0,0,0,0,0,0,0
Delhi UT,2014,Pedestrian,8,1,0,9,61,7,0,68
Delhi UT,2014,Others,2,0,0,2,88,7,0,95
Delhi UT,2014,Sub Total - (Bicycle + Hand Drawn Vehicle/Cycle rickshaw (Passenger) + Animal Drawn Vehicle + Pedestrian + Others,10,1,0,11,154,14,0,168
Delhi UT,2014,Total,56,4,0,60,1421,149,0,1570
Lakshadweep,2014,Truck/Lorry (Total),0,0,0,0,0,0,0,0
Lakshadweep,2014,Truck/Lorry - Normal Goods Carriers,0,0,0,0,0,0,0,0
Lakshadweep,2014,Truck/Lorry - Trailer/Container Carriers,0,0,0,0,0,0,0,0
Lakshadweep,2014,Truck/Lorry - Tankers,0,0,0,0,0,0,0,0
Lakshadweep,2014,Truck/Lorry - Others,0,0,0,0,0,0,0,0
Lakshadweep,2014,Bus (Total),0,0,0,0,0,0,0,0
Lakshadweep,2014,Bus - Government,0,0,0,0,0,0,0,0
Lakshadweep,2014,Bus - Private,0,0,0,0,0,0,0,0
Lakshadweep,2014,Bus - School Bus,0,0,0,0,0,0,0,0
Lakshadweep,2014,SUV (7 & 8 Seater)/Station Wagon/etc. (Total),0,0,0,0,0,0,0,0
Lakshadweep,2014,SUV (7 & 8 Seater)/Station Wagon/etc. - Government,0,0,0,0,0,0,0,0
Lakshadweep,2014,SUV (7 & 8 Seater)/Station Wagon/etc. - Private,0,0,0,0,0,0,0,0
Lakshadweep,2014,SUV (7 & 8 Seater)/Station Wagon/etc. - Taxi,0,0,0,0,0,0,0,0
Lakshadweep,2014,Car (4 & 5 Seater) (Total),0,0,0,0,0,0,0,0
Lakshadweep,2014,Car (4 & 5 Seater) - Government,0,0,0,0,0,0,0,0
Lakshadweep,2014,Car (4 & 5 Seater) - Private,0,0,0,0,0,0,0,0
Lakshadweep,2014,Car (4 & 5 Seater) - Taxi,0,0,0,0,0,0,0,0
Lakshadweep,2014,Jeep (Total),0,0,0,0,0,0,0,0
Lakshadweep,2014,Jeep - Government,0,0,0,0,0,0,0,0
Lakshadweep,2014,Jeep - Private,0,0,0,0,0,0,0,0
Lakshadweep,2014,Tractor (Total),0,0,0,0,0,0,0,0
Lakshadweep,2014,Three Wheeler/Auto rickshaw (Total),0,0,0,0,0,0,0,0
Lakshadweep,2014,Three Wheeler/Auto rickshaw - Passenger Carriers,0,0,0,0,0,0,0,0
Lakshadweep,2014,Three Wheeler/Auto rickshaw - Goods Carriers,0,0,0,0,0,0,0,0
Lakshadweep,2014,Two Wheeler (Total),0,0,0,0,0,0,0,0
Lakshadweep,2014,Two Wheeler - Motor Cycle,0,0,0,0,0,0,0,0
Lakshadweep,2014,Two Wheeler - Scooter,0,0,0,0,0,0,0,0
Lakshadweep,2014,Two Wheeler - Others,0,0,0,0,0,0,0,0
Lakshadweep,2014,Other Motor Vehicles,0,0,0,0,0,0,0,0
Lakshadweep,2014,Sub Total (Motor Vehicles),0,0,0,0,0,0,0,0
Lakshadweep,2014,Bicycle,0,0,0,0,0,0,0,0
Lakshadweep,2014,Hand Drawn Vehicle/Cycle rickshaw (Passenger),0,0,0,0,0,0,0,0
Lakshadweep,2014,Animal Drawn Vehicle,0,0,0,0,0,0,0,0
Lakshadweep,2014,Pedestrian,0,0,0,0,0,0,0,0
Lakshadweep,2014,Others,0,0,0,0,0,0,0,0
Lakshadweep,2014,Sub Total - (Bicycle + Hand Drawn Vehicle/Cycle rickshaw (Passenger) + Animal Drawn Vehicle + Pedestrian + Others,0,0,0,0,0,0,0,0
Lakshadweep,2014,Total,0,0,0,0,0,0,0,0
Puducherry,2014,Truck/Lorry (Total),8,1,0,9,2,0,0,2
Puducherry,2014,Truck/Lorry - Normal Goods Carriers,4,0,0,4,2,0,0,2
Puducherry,2014,Truck/Lorry - Trailer/Container Carriers,3,1,0,4,0,0,0,0
Puducherry,2014,Truck/Lorry - Tankers,1,0,0,1,0,0,0,0
Puducherry,2014,Truck/Lorry - Others,0,0,0,0,0,0,0,0
Puducherry,2014,Bus (Total),12,3,0,15,4,0,0,4
Puducherry,2014,Bus - Government,4,1,0,5,0,0,0,0
Puducherry,2014,Bus - Private,8,2,0,10,4,0,0,4
Puducherry,2014,Bus - School Bus,0,0,0,0,0,0,0,0
Puducherry,2014,SUV (7 & 8 Seater)/Station Wagon/etc. (Total),1,0,0,1,0,0,0,0
Puducherry,2014,SUV (7 & 8 Seater)/Station Wagon/etc. - Government,0,0,0,0,0,0,0,0
Puducherry,2014,SUV (7 & 8 Seater)/Station Wagon/etc. - Private,1,0,0,1,0,0,0,0
Puducherry,2014,SUV (7 & 8 Seater)/Station Wagon/etc. - Taxi,0,0,0,0,0,0,0,0
Puducherry,2014,Car (4 & 5 Seater) (Total),7,1,0,8,1,0,0,1
Puducherry,2014,Car (4 & 5 Seater) - Government,0,0,0,0,0,0,0,0
Puducherry,2014,Car (4 & 5 Seater) - Private,6,1,0,7,1,0,0,1
Puducherry,2014,Car (4 & 5 Seater) - Taxi,1,0,0,1,0,0,0,0
Puducherry,2014,Jeep (Total),0,0,0,0,0,0,0,0
Puducherry,2014,Jeep - Government,0,0,0,0,0,0,0,0
Puducherry,2014,Jeep - Private,0,0,0,0,0,0,0,0
Puducherry,2014,Tractor (Total),5,1,0,6,0,0,0,0
Puducherry,2014,Three Wheeler/Auto rickshaw (Total),4,0,0,4,1,0,0,1
Puducherry,2014,Three Wheeler/Auto rickshaw - Passenger Carriers,3,0,0,3,1,0,0,1
Puducherry,2014,Three Wheeler/Auto rickshaw - Goods Carriers,1,0,0,1,0,0,0,0
Puducherry,2014,Two Wheeler (Total),37,2,0,39,26,0,0,26
Puducherry,2014,Two Wheeler - Motor Cycle,37,2,0,39,26,0,0,26
Puducherry,2014,Two Wheeler - Scooter,0,0,0,0,0,0,0,0
Puducherry,2014,Two Wheeler - Others,0,0,0,0,0,0,0,0
Puducherry,2014,Other Motor Vehicles,17,0,0,17,1,0,0,1
Puducherry,2014,Sub Total (Motor Vehicles),91,8,0,99,35,0,0,35
Puducherry,2014,Bicycle,0,0,0,0,3,1,0,4
Puducherry,2014,Hand Drawn Vehicle/Cycle rickshaw (Passenger),0,0,0,0,0,0,0,0
Puducherry,2014,Animal Drawn Vehicle,0,0,0,0,0,0,0,0
Puducherry,2014,Pedestrian,5,4,0,9,20,7,0,27
Puducherry,2014,Others,3,0,0,3,21,5,0,26
Puducherry,2014,Sub Total - (Bicycle + Hand Drawn Vehicle/Cycle rickshaw (Passenger) + Animal Drawn Vehicle + Pedestrian + Others,8,4,0,12,44,13,0,57
Puducherry,2014,Total,99,12,0,111,79,13,0,92
Total (States),2014,Truck/Lorry (Total),5223,358,0,5581,19621,2881,6,22508
Total (States),2014,Truck/Lorry - Normal Goods Carriers,2844,164,0,3008,10488,1496,4,11988
Total (States),2014,Truck/Lorry - Trailer/Container Carriers,470,28,0,498,2306,308,2,2616
Total (States),2014,Truck/Lorry - Tankers,396,23,0,419,1505,211,0,1716
Total (States),2014,Truck/Lorry - Others,1513,143,0,1656,5322,866,0,6188
Total (States),2014,Bus (Total),1643,256,0,1899,8433,1976,0,10409
Total (States),2014,Bus - Government,544,87,0,631,2761,546,0,3307
Total (States),2014,Bus - Private,1050,153,0,1203,5396,1359,0,6755
Total (States),2014,Bus - School Bus,49,16,0,65,276,71,0,347
Total (States),2014,SUV (7 & 8 Seater)/Station Wagon/etc. (Total),711,70,0,781,2738,686,0,3424
Total (States),2014,SUV (7 & 8 Seater)/Station Wagon/etc. - Government,11,1,0,12,52,21,0,73
Total (States),2014,SUV (7 & 8 Seater)/Station Wagon/etc. - Private,519,50,0,569,1955,475,0,2430
Total (States),2014,SUV (7 & 8 Seater)/Station Wagon/etc. - Taxi,181,19,0,200,731,190,0,921
Total (States),2014,Car (4 & 5 Seater) (Total),3509,335,0,3844,10491,2365,0,12856
Total (States),2014,Car (4 & 5 Seater) - Government,48,4,0,52,163,35,0,198
Total (States),2014,Car (4 & 5 Seater) - Private,3067,297,0,3364,8641,1945,0,10586
Total (States),2014,Car (4 & 5 Seater) - Taxi,394,34,0,428,1687,385,0,2072
Total (States),2014,Jeep (Total),1266,102,0,1368,4167,870,0,5037
Total (States),2014,Jeep - Government,51,6,0,57,101,42,0,143
Total (States),2014,Jeep - Private,1215,96,0,1311,4066,828,0,4894
Total (States),2014,Tractor (Total),1017,65,0,1082,3377,636,1,4014
Total (States),2014,Three Wheeler/Auto rickshaw (Total),1237,126,0,1363,4577,1141,8,5726
Total (States),2014,Three Wheeler/Auto rickshaw - Passenger Carriers,1050,116,0,1166,3854,954,6,4814
Total (States),2014,Three Wheeler/Auto rickshaw - Goods Carriers,187,10,0,197,723,187,2,912
Total (States),2014,Two Wheeler (Total),12926,774,0,13700,19275,3886,0,23161
Total (States),2014,Two Wheeler - Motor Cycle,11235,532,0,11767,16585,3128,0,19713
Total (States),2014,Two Wheeler - Scooter,729,140,0,869,1304,390,0,1694
Total (States),2014,Two Wheeler - Others,962,102,0,1064,1386,368,0,1754
Total (States),2014,Other Motor Vehicles,1883,187,0,2070,7093,1111,0,8204
Total (States),2014,Sub Total (Motor Vehicles),29415,2273,0,31688,79772,15552,15,95339
Total (States),2014,Bicycle,337,35,0,372,747,63,0,810
Total (States),2014,Hand Drawn Vehicle/Cycle rickshaw (Passenger),17,1,0,18,112,24,0,136
Total (States),2014,Animal Drawn Vehicle,22,2,0,24,60,13,0,73
Total (States),2014,Pedestrian,547,182,0,729,4690,1098,2,5790
Total (States),2014,Others,905,285,0,1190,2661,635,0,3296
Total (States),2014,Sub Total - (Bicycle + Hand Drawn Vehicle/Cycle rickshaw (Passenger) + Animal Drawn Vehicle + Pedestrian + Others,1828,505,0,2333,8270,1833,2,10105
Total (States),2014,Total,31243,2778,0,34021,88042,17385,17,105444
Total (UTs),2014,Truck/Lorry (Total),25,4,0,29,308,29,0,337
Total (UTs),2014,Truck/Lorry - Normal Goods Carriers,20,3,0,23,152,9,0,161
Total (UTs),2014,Truck/Lorry - Trailer/Container Carriers,3,1,0,4,36,1,0,37
Total (UTs),2014,Truck/Lorry - Tankers,1,0,0,1,17,4,0,21
Total (UTs),2014,Truck/Lorry - Others,1,0,0,1,103,15,0,118
Total (UTs),2014,Bus (Total),17,3,0,20,110,18,0,128
Total (UTs),2014,Bus - Government,7,1,0,8,62,9,0,71
Total (UTs),2014,Bus - Private,10,2,0,12,43,9,0,52
Total (UTs),2014,Bus - School Bus,0,0,0,0,5,0,0,5
Total (UTs),2014,SUV (7 & 8 Seater)/Station Wagon/etc. (Total),1,0,0,1,38,4,0,42
Total (UTs),2014,SUV (7 & 8 Seater)/Station Wagon/etc. - Government,0,0,0,0,3,1,0,4
Total (UTs),2014,SUV (7 & 8 Seater)/Station Wagon/etc. - Private,1,0,0,1,32,3,0,35
Total (UTs),2014,SUV (7 & 8 Seater)/Station Wagon/etc. - Taxi,0,0,0,0,3,0,0,3
Total (UTs),2014,Car (4 & 5 Seater) (Total),21,2,0,23,297,41,0,338
Total (UTs),2014,Car (4 & 5 Seater) - Government,0,0,0,0,2,0,0,2
Total (UTs),2014,Car (4 & 5 Seater) - Private,18,2,0,20,279,40,0,319
Total (UTs),2014,Car (4 & 5 Seater) - Taxi,3,0,0,3,16,1,0,17
Total (UTs),2014,Jeep (Total),4,1,0,5,9,0,0,9
Total (UTs),2014,Jeep - Government,0,0,0,0,0,0,0,0
Total (UTs),2014,Jeep - Private,4,1,0,5,9,0,0,9
Total (UTs),2014,Tractor (Total),6,1,0,7,9,1,0,10
Total (UTs),2014,Three Wheeler/Auto rickshaw (Total),5,0,0,5,79,11,0,90
Total (UTs),2014,Three Wheeler/Auto rickshaw - Passenger Carriers,4,0,0,4,62,10,0,72
Total (UTs),2014,Three Wheeler/Auto rickshaw - Goods Carriers,1,0,0,1,17,1,0,18
Total (UTs),2014,Two Wheeler (Total),81,6,0,87,333,35,0,368
Total (UTs),2014,Two Wheeler - Motor Cycle,78,6,0,84,237,22,0,259
Total (UTs),2014,Two Wheeler - Scooter,1,0,0,1,59,11,0,70
Total (UTs),2014,Two Wheeler - Others,2,0,0,2,37,2,0,39
Total (UTs),2014,Other Motor Vehicles,27,3,0,30,193,13,0,206
Total (UTs),2014,Sub Total (Motor Vehicles),187,20,0,207,1376,152,0,1528
Total (UTs),2014,Bicycle,1,0,0,1,23,2,0,25
Total (UTs),2014,Hand Drawn Vehicle/Cycle rickshaw (Passenger),0,0,0,0,0,1,0,1
Total (UTs),2014,Animal Drawn Vehicle,0,0,0,0,0,0,0,0
Total (UTs),2014,Pedestrian,13,5,0,18,131,22,0,153
Total (UTs),2014,Others,5,0,0,5,111,12,0,123
Total (UTs),2014,Sub Total - (Bicycle + Hand Drawn Vehicle/Cycle rickshaw (Passenger) + Animal Drawn Vehicle + Pedestrian + Others,19,5,0,24,265,37,0,302
Total (UTs),2014,Total,206,25,0,231,1641,189,0,1830
Total (All India),2014,Truck/Lorry (Total),5248,362,0,5610,19929,2910,6,22845
Total (All India),2014,Truck/Lorry - Normal Goods Carriers,2864,167,0,3031,10640,1505,4,12149
Total (All India),2014,Truck/Lorry - Trailer/Container Carriers,473,29,0,502,2342,309,2,2653
Total (All India),2014,Truck/Lorry - Tankers,397,23,0,420,1522,215,0,1737
Total (All India),2014,Truck/Lorry - Others,1514,143,0,1657,5425,881,0,6306
Total (All India),2014,Bus (Total),1660,259,0,1919,8543,1994,0,10537
Total (All India),2014,Bus - Government,551,88,0,639,2823,555,0,3378
Total (All India),2014,Bus - Private,1060,155,0,1215,5439,1368,0,6807
Total (All India),2014,Bus - School Bus,49,16,0,65,281,71,0,352
Total (All India),2014,SUV (7 & 8 Seater)/Station Wagon/etc. (Total),712,70,0,782,2776,690,0,3466
Total (All India),2014,SUV (7 & 8 Seater)/Station Wagon/etc. - Government,11,1,0,12,55,22,0,77
Total (All India),2014,SUV (7 & 8 Seater)/Station Wagon/etc. - Private,520,50,0,570,1987,478,0,2465
Total (All India),2014,SUV (7 & 8 Seater)/Station Wagon/etc. - Taxi,181,19,0,200,734,190,0,924
Total (All India),2014,Car (4 & 5 Seater) (Total),3530,337,0,3867,10788,2406,0,13194
Total (All India),2014,Car (4 & 5 Seater) - Government,48,4,0,52,165,35,0,200
Total (All India),2014,Car (4 & 5 Seater) - Private,3085,299,0,3384,8920,1985,0,10905
Total (All India),2014,Car (4 & 5 Seater) - Taxi,397,34,0,431,1703,386,0,2089
Total (All India),2014,Jeep (Total),1270,103,0,1373,4176,870,0,5046
Total (All India),2014,Jeep - Government,51,6,0,57,101,42,0,143
Total (All India),2014,Jeep - Private,1219,97,0,1316,4075,828,0,4903
Total (All India),2014,Tractor (Total),1023,66,0,1089,3386,637,1,4024
Total (All India),2014,Three Wheeler/Auto rickshaw (Total),1242,126,0,1368,4656,1152,8,5816
Total (All India),2014,Three Wheeler/Auto rickshaw - Passenger Carriers,1054,116,0,1170,3916,964,6,4886
Total (All India),2014,Three Wheeler/Auto rickshaw - Goods Carriers,188,10,0,198,740,188,2,930
Total (All India),2014,Two Wheeler (Total),13007,780,0,13787,19608,3921,0,23529
Total (All India),2014,Two Wheeler - Motor Cycle,11313,538,0,11851,16822,3150,0,19972
Total (All India),2014,Two Wheeler - Scooter,730,140,0,870,1363,401,0,1764
Total (All India),2014,Two Wheeler - Others,964,102,0,1066,1423,370,0,1793
Total (All India),2014,Other Motor Vehicles,1910,190,0,2100,7286,1124,0,8410
Total (All India),2014,Sub Total (Motor Vehicles),29602,2293,0,31895,81148,15704,15,96867
Total (All India),2014,Bicycle,338,35,0,373,770,65,0,835
Total (All India),2014,Hand Drawn Vehicle/Cycle rickshaw (Passenger),17,1,0,18,112,25,0,137
Total (All India),2014,Animal Drawn Vehicle,22,2,0,24,60,13,0,73
Total (All India),2014,Pedestrian,560,187,0,747,4821,1120,2,5943
Total (All India),2014,Others,910,285,0,1195,2772,647,0,3419
Total (All India),2014,Sub Total - (Bicycle + Hand Drawn Vehicle/Cycle rickshaw (Passenger) + Animal Drawn Vehicle + Pedestrian + Others,1847,510,0,2357,8535,1870,2,10407
Total (All India),2014,Total,31449,2803,0,34252,89683,17574,17,107274
